"Date","Price","Open","High","Low","Vol.","Change %"
"07/22/2025","136,080","135,675","136,365","135,600","7.70M","0.69%"
"07/21/2025","135,145","134,140","136,050","134,040","12.49M","0.48%"
"07/18/2025","134,502","136,565","136,640","134,310","14.21M","-1.74%"
"07/17/2025","136,886","136,210","137,065","135,635","13.36M","-0.01%"
"07/16/2025","136,903","136,640","137,280","135,525","15.16M","0.13%"
"07/15/2025","136,731","136,880","137,535","135,650","14.46M","-0.01%"
"07/14/2025","136,748","137,370","137,720","136,225","12.50M","-0.76%"
"07/11/2025","137,801","138,100","138,255","137,005","13.12M","-0.37%"
"07/10/2025","138,319","137,320","138,875","136,755","14.22M","-0.59%"
"07/09/2025","139,145","141,280","141,340","137,155","14.62M","-1.36%"
"07/08/2025","141,064","141,670","141,895","140,530","14.85M","-0.23%"
"07/07/2025","141,391","143,360","143,415","141,145","14.43M","-1.33%"
"07/04/2025","143,297","142,675","143,825","142,415","9.21M","0.11%"
"07/03/2025","143,138","141,160","143,445","140,865","13.69M","1.43%"
"07/02/2025","141,122","141,830","142,200","140,400","16.12M","-0.48%"
"07/01/2025","141,800","140,900","141,950","140,725","13.40M","0.42%"
"06/30/2025","141,203","139,250","141,450","138,025","13.57M","1.50%"
"06/27/2025","139,110","139,600","139,740","138,300","12.89M","-0.23%"
"06/26/2025","139,433","138,635","139,750","138,325","13.19M","0.94%"
"06/25/2025","138,133","139,300","139,385","137,735","13.45M","-1.07%"
"06/24/2025","139,633","139,860","140,670","138,640","13.39M","0.37%"
"06/23/2025","139,122","139,695","139,945","138,320","13.20M","-0.36%"
"06/20/2025","139,621","141,580","141,745","139,305","11.95M","0.57%"
"06/18/2025","138,833","138,905","139,240","138,280","1.47M","-0.04%"
"06/17/2025","138,894","139,650","139,795","138,280","13.35M","-0.46%"
"06/16/2025","139,537","137,600","140,265","137,550","13.46M","1.58%"
"06/13/2025","137,372","137,385","137,950","136,660","14.39M","-0.49%"
"06/12/2025","138,048","136,830","138,245","136,020","13.90M","0.45%"
"06/11/2025","137,431","137,020","137,950","135,710","14.59M","0.41%"
"06/10/2025","136,869","136,780","137,885","136,500","14.34M","0.49%"
"06/09/2025","136,202","136,775","137,200","134,520","12.93M","-0.42%"
"06/06/2025","136,772","137,400","137,535","136,150","13.16M","-0.03%"
"06/05/2025","136,819","138,010","138,250","136,570","13.74M","-0.58%"
"06/04/2025","137,622","138,650","139,550","137,440","12.50M","-0.49%"
"06/03/2025","138,295","137,525","138,575","136,845","11.29M","0.54%"
"06/02/2025","137,558","138,110","139,570","137,240","12.78M","-0.52%"
"05/30/2025","138,280","139,600","140,045","137,535","13.06M","-0.94%"
"05/29/2025","139,588","140,600","140,600","138,835","13.25M","-0.32%"
"05/28/2025","140,030","140,795","141,080","139,565","10.64M","-0.49%"
"05/27/2025","140,726","140,020","141,625","140,020","12.99M","1.00%"
"05/26/2025","139,336","139,200","139,965","138,715","10.77M","0.27%"
"05/23/2025","138,954","136,440","139,205","135,960","14.58M","0.38%"
"05/22/2025","138,432","139,065","140,150","135,175","16.36M","-0.45%"
"05/21/2025","139,060","141,270","141,515","138,790","13.98M","-1.74%"
"05/20/2025","141,527","141,300","141,730","140,390","12.24M","0.30%"
"05/19/2025","141,107","140,000","141,740","139,895","13.49M","0.29%"
"05/16/2025","140,692","140,770","140,850","139,120","13.26M","-0.25%"
"05/15/2025","141,039","139,775","141,170","139,570","13.05M","0.69%"
"05/14/2025","140,072","140,555","141,030","139,925","13.02M","-0.51%"
"05/13/2025","140,788","138,700","141,360","138,325","13.57M","1.71%"
"05/12/2025","138,426","140,305","140,310","138,060","12.52M","0.13%"
"05/09/2025","138,250","138,800","139,070","137,905","12.76M","0.02%"
"05/08/2025","138,221","136,400","139,620","136,380","15.29M","2.18%"
"05/07/2025","135,278","136,000","136,500","134,675","15.32M","-0.15%"
"05/06/2025","135,480","135,300","136,220","135,160","13.23M","-0.02%"
"05/05/2025","135,501","136,975","137,460","135,300","12.63M","-1.13%"
"05/02/2025","137,047","137,240","137,555","136,380","13.25M","-0.07%"
"04/30/2025","137,146","137,155","137,640","136,115","15.63M","-0.19%"
"04/29/2025","137,401","137,265","138,465","137,145","12.71M","0.09%"
"04/28/2025","137,272","136,890","138,070","136,840","12.69M","0.12%"
"04/25/2025","137,107","136,745","137,430","136,500","13.53M","0.08%"
"04/24/2025","136,991","134,785","137,390","134,675","14.97M","1.67%"
"04/23/2025","134,739","134,125","135,770","134,110","15.27M","1.32%"
"04/22/2025","132,987","132,140","133,335","130,940","14.82M","0.76%"
"04/17/2025","131,984","130,855","132,600","130,270","14.55M","2.45%"
"04/16/2025","128,827","129,240","129,600","128,095","1.88M","-0.35%"
"04/15/2025","129,274","129,450","129,995","128,950","14.53M","-0.25%"
"04/14/2025","129,592","128,600","130,125","128,425","16.68M","1.36%"
"04/11/2025","127,850","127,080","128,540","126,100","16.04M","0.97%"
"04/10/2025","126,626","127,145","128,245","125,060","18.18M","-1.03%"
"04/09/2025","127,950","123,015","129,960","122,560","20.28M","2.95%"
"04/08/2025","124,283","127,300","127,980","123,645","18.96M","-1.31%"
"04/07/2025","125,932","125,650","129,025","124,225","20.56M","-1.30%"
"04/04/2025","127,594","129,700","129,900","126,825","16.43M","-3.11%"
"04/03/2025","131,691","130,340","133,130","130,205","15.94M","-0.20%"
"04/02/2025","131,958","131,525","133,410","130,760","15.00M","0.15%"
"04/01/2025","131,765","131,130","132,665","130,625","13.94M","0.60%"
"03/31/2025","130,983","131,935","132,170","130,805","12.94M","-1.27%"
"03/28/2025","132,673","133,745","133,800","132,030","13.63M","-0.95%"
"03/27/2025","133,952","133,680","134,640","133,240","13.26M","0.32%"
"03/26/2025","133,526","133,180","133,875","133,000","13.18M","0.35%"
"03/25/2025","133,054","132,200","134,455","132,090","13.03M","0.52%"
"03/24/2025","132,364","133,900","134,145","131,925","13.03M","-0.80%"
"03/21/2025","133,435","132,950","133,735","132,615","12.48M","0.18%"
"03/20/2025","133,199","133,590","133,955","132,895","12.52M","-0.52%"
"03/19/2025","133,896","132,540","134,455","132,530","12.66M","0.86%"
"03/18/2025","132,751","131,865","133,160","131,490","13.04M","0.41%"
"03/17/2025","132,210","130,085","132,685","129,890","12.28M","1.44%"
"03/14/2025","130,328","127,420","130,550","127,355","12.85M","2.57%"
"03/13/2025","127,057","124,825","127,165","124,655","12.75M","1.48%"
"03/12/2025","125,198","125,300","125,775","124,360","14.31M","0.26%"
"03/11/2025","124,879","126,260","126,325","123,965","15.17M","-0.84%"
"03/10/2025","125,935","126,050","126,355","124,895","15.12M","-0.59%"
"03/07/2025","126,677","125,155","127,460","123,705","14.97M","1.39%"
"03/06/2025","124,937","124,490","125,810","124,220","14.95M","0.16%"
"03/05/2025","124,739","125,190","125,300","124,425","6.14M","0.11%"
"02/28/2025","124,597","126,390","126,645","124,295","12.45M","-1.47%"
"02/27/2025","126,453","126,100","127,305","125,850","12.22M","-0.11%"
"02/26/2025","126,597","128,320","129,135","126,555","12.56M","-1.05%"
"02/25/2025","127,944","127,620","128,750","127,540","12.65M","0.46%"
"02/24/2025","127,354","129,435","129,775","127,065","12.50M","-1.42%"
"02/21/2025","129,193","129,520","129,750","128,445","10.72M","-0.37%"
"02/20/2025","129,672","129,700","130,000","129,095","10.95M","0.18%"
"02/19/2025","129,435","130,600","130,620","129,150","11.11M","-0.91%"
"02/18/2025","130,625","131,300","131,610","130,295","12.08M","-0.23%"
"02/17/2025","130,921","130,450","131,940","130,420","10.33M","0.25%"
"02/14/2025","130,599","127,020","130,940","126,995","12.24M","2.65%"
"02/13/2025","127,231","126,930","127,230","126,035","11.70M","2.16%"
"02/12/2025","124,540","126,650","126,890","124,090","1.66M","-1.64%"
"02/11/2025","126,620","125,750","127,000","125,565","10.47M","0.67%"
"02/10/2025","125,781","125,100","126,490","124,860","11.14M","0.80%"
"02/07/2025","124,786","126,385","126,745","124,320","12.71M","-1.31%"
"02/06/2025","126,446","125,950","126,645","125,400","11.94M","0.50%"
"02/05/2025","125,813","125,550","126,120","124,845","11.38M","0.31%"
"02/04/2025","125,423","126,500","126,535","124,965","11.75M","-0.64%"
"02/03/2025","126,227","125,715","126,900","125,465","12.45M","-0.35%"
"01/31/2025","126,665","127,310","128,015","126,505","12.14M","-0.63%"
"01/30/2025","127,465","124,450","127,740","124,245","14.56M","2.90%"
"01/29/2025","123,869","124,860","125,535","123,750","11.46M","-0.56%"
"01/28/2025","124,571","125,250","125,605","124,485","11.00M","-0.76%"
"01/27/2025","125,530","122,350","125,495","122,190","13.28M","1.94%"
"01/24/2025","123,147","123,350","123,565","122,790","10.22M","0.01%"
"01/23/2025","123,136","123,800","124,730","122,830","13.23M","-0.47%"
"01/22/2025","123,719","124,230","124,770","123,640","11.87M","-0.34%"
"01/21/2025","124,142","123,440","124,310","122,875","11.82M","0.32%"
"01/20/2025","123,740","122,910","124,060","122,245","12.54M","0.53%"
"01/17/2025","123,089","122,565","123,555","121,810","12.86M","0.86%"
"01/16/2025","122,045","123,150","123,420","121,595","12.89M","-1.32%"
"01/15/2025","123,673","120,270","123,960","120,270","14.32M","2.83%"
"01/14/2025","120,272","120,230","120,510","119,055","13.22M","0.28%"
"01/13/2025","119,932","119,785","120,650","119,565","11.58M","0.04%"
"01/10/2025","119,890","121,110","121,420","119,655","11.81M","-0.79%"
"01/09/2025","120,843","120,775","121,150","120,475","10.69M","0.17%"
"01/08/2025","120,643","122,200","122,350","120,370","12.38M","-1.41%"
"01/07/2025","122,368","121,060","122,855","120,915","13.38M","1.08%"
"01/06/2025","121,058","119,925","121,470","119,825","12.93M","1.21%"
"01/03/2025","119,615","121,265","121,565","119,535","11.35M","-1.47%"
"01/02/2025","121,401","121,790","122,375","120,300","12.04M","-0.14%"
"12/30/2024","121,576","121,505","122,410","121,410","10.01M","0.12%"
"12/27/2024","121,433","122,505","123,075","121,355","10.67M","-0.93%"
"12/26/2024","122,572","122,205","123,110","121,660","10.63M","0.20%"
"12/23/2024","122,326","123,450","123,570","122,210","10.17M","-1.13%"
"12/20/2024","123,723","122,600","123,955","122,370","12.64M","0.56%"
"12/19/2024","123,033","123,850","123,905","122,800","14.53M","1.11%"
"12/18/2024","121,677","124,900","125,155","121,620","1.62M","-2.65%"
"12/17/2024","124,990","123,525","125,430","123,495","16.63M","1.10%"
"12/16/2024","123,629","124,810","125,020","123,510","12.94M","-0.90%"
"12/13/2024","124,757","126,305","126,550","124,590","14.05M","-1.12%"
"12/12/2024","126,175","130,260","130,480","125,950","17.44M","-2.83%"
"12/11/2024","129,846","128,260","131,290","127,525","17.25M","1.07%"
"12/10/2024","128,477","128,260","128,750","127,860","13.90M","0.79%"
"12/09/2024","127,472","126,740","127,770","126,505","12.30M","1.12%"
"12/06/2024","126,062","127,965","128,015","125,985","14.74M","-1.68%"
"12/05/2024","128,216","126,640","128,395","126,270","14.67M","1.40%"
"12/04/2024","126,443","126,335","127,140","125,980","14.80M","0.02%"
"12/03/2024","126,420","126,155","126,825","125,700","15.76M","0.61%"
"12/02/2024","125,651","126,310","126,390","125,100","16.06M","-0.46%"
"11/29/2024","126,233","125,645","126,675","124,405","16.42M","0.84%"
"11/28/2024","125,178","128,250","128,250","124,785","14.24M","-2.29%"
"11/27/2024","128,116","130,600","130,915","127,875","18.25M","-1.99%"
"11/26/2024","130,723","129,450","130,995","129,310","14.83M","0.78%"
"11/25/2024","129,716","130,295","130,330","129,575","13.93M","-0.31%"
"11/22/2024","130,115","127,760","130,170","127,685","16.00M","1.84%"
"11/21/2024","127,767","128,900","129,165","127,350","16.47M","-1.11%"
"11/19/2024","129,195","128,390","129,480","128,045","15.01M","0.37%"
"11/18/2024","128,723","128,850","129,295","128,105","13.85M","0.04%"
"11/14/2024","128,667","129,065","129,440","128,350","14.89M","-0.09%"
"11/13/2024","128,780","128,800","129,225","127,820","17.02M","0.05%"
"11/12/2024","128,712","128,520","129,250","128,230","14.97M","-0.17%"
"11/11/2024","128,926","128,450","129,215","128,230","15.35M","-0.01%"
"11/08/2024","128,941","130,100","130,340","128,025","17.78M","-1.52%"
"11/07/2024","130,931","131,150","132,665","130,605","18.64M","-0.50%"
"11/06/2024","131,595","130,655","132,020","129,780","18.73M","-0.40%"
"11/05/2024","132,128","131,925","132,265","131,130","14.33M","0.05%"
"11/04/2024","132,061","130,000","132,170","130,000","15.12M","1.94%"
"11/01/2024","129,545","131,465","131,635","129,455","13.16M","-1.37%"
"10/31/2024","131,341","131,940","132,335","131,215","13.37M","-0.75%"
"10/30/2024","132,340","132,250","132,715","131,885","12.73M","-0.11%"
"10/29/2024","132,480","133,125","133,485","132,355","15.23M","-0.41%"
"10/28/2024","133,031","131,600","133,240","131,355","13.60M","0.97%"
"10/25/2024","131,748","132,300","132,360","131,510","14.35M","-0.16%"
"10/24/2024","131,956","131,315","132,040","130,610","15.88M","0.68%"
"10/23/2024","131,059","131,510","131,530","130,430","15.89M","-0.63%"
"10/22/2024","131,896","132,050","132,135","130,960","16.89M","-0.37%"
"10/21/2024","132,382","132,140","133,115","132,010","14.65M","-0.19%"
"10/18/2024","132,631","133,470","133,820","132,120","13.47M","-0.19%"
"10/17/2024","132,885","133,340","133,430","131,940","13.33M","0.78%"
"10/16/2024","131,857","130,930","132,100","130,765","2.09M","0.67%"
"10/15/2024","130,979","130,610","131,330","130,205","14.32M","-0.12%"
"10/14/2024","131,131","130,100","131,270","129,420","15.30M","0.79%"
"10/11/2024","130,105","130,340","130,945","129,375","12.82M","-0.34%"
"10/10/2024","130,547","130,240","130,635","129,895","12.38M","0.33%"
"10/09/2024","130,116","131,750","131,825","129,860","15.33M","-1.21%"
"10/08/2024","131,710","131,385","131,935","130,600","15.82M","-0.41%"
"10/07/2024","132,247","131,910","133,350","131,850","14.58M","0.05%"
"10/04/2024","132,176","132,150","132,600","131,335","14.14M","0.11%"
"10/03/2024","132,037","133,875","133,940","131,540","17.62M","-1.50%"
"10/02/2024","134,043","133,720","135,480","133,645","16.24M","0.75%"
"10/01/2024","133,047","132,445","133,990","132,370","18.21M","0.35%"
"09/30/2024","132,581","133,715","134,195","132,465","12.02M","-0.57%"
"09/27/2024","133,339","133,600","134,595","133,105","13.61M","-0.26%"
"09/26/2024","133,682","133,300","134,000","132,745","14.50M","1.07%"
"09/25/2024","132,269","133,370","133,845","132,165","14.04M","-0.48%"
"09/24/2024","132,901","132,590","133,865","132,335","14.53M","1.19%"
"09/23/2024","131,337","131,400","131,750","130,850","13.50M","-0.36%"
"09/20/2024","131,814","133,740","134,115","131,710","15.30M","-1.63%"
"09/19/2024","134,004","135,750","136,180","134,060","14.98M","-0.50%"
"09/18/2024","134,682","136,040","136,245","134,645","17.91M","-0.98%"
"09/17/2024","136,011","136,550","136,735","135,140","14.16M","-0.18%"
"09/16/2024","136,250","136,240","136,885","135,850","11.11M","0.12%"
"09/13/2024","136,081","135,250","137,085","135,095","12.62M","0.62%"
"09/12/2024","135,239","136,285","136,295","134,725","12.99M","-0.58%"
"09/11/2024","136,022","135,900","136,310","135,015","14.51M","0.30%"
"09/10/2024","135,617","135,740","136,145","135,035","12.81M","-0.32%"
"09/09/2024","136,059","136,500","136,800","135,860","11.62M","0.11%"
"09/06/2024","135,916","137,800","138,780","135,835","15.30M","-1.57%"
"09/05/2024","138,081","137,850","138,340","137,270","14.23M","0.19%"
"09/04/2024","137,814","135,880","138,460","135,755","15.19M","1.30%"
"09/03/2024","136,040","135,695","136,590","135,600","15.29M","-0.25%"
"09/02/2024","136,383","137,250","137,485","136,125","11.41M","-1.27%"
"08/30/2024","138,132","137,800","137,975","136,500","14.71M","0.33%"
"08/29/2024","137,683","139,315","139,425","137,510","14.43M","-1.04%"
"08/28/2024","139,123","138,260","139,280","137,520","14.98M","0.29%"
"08/27/2024","138,725","138,750","139,070","138,460","12.26M","-0.09%"
"08/26/2024","138,849","137,965","138,950","137,770","13.33M","0.83%"
"08/23/2024","137,705","137,760","138,485","137,320","12.95M","0.43%"
"08/22/2024","137,122","138,725","138,730","136,740","14.66M","-1.06%"
"08/21/2024","138,598","138,590","139,085","138,260","12.75M","0.24%"
"08/20/2024","138,272","138,050","138,475","137,405","14.17M","0.20%"
"08/19/2024","137,999","136,355","138,395","136,325","12.82M","1.36%"
"08/16/2024","136,149","136,200","137,050","136,030","12.55M","-0.16%"
"08/15/2024","136,372","135,410","136,770","135,355","13.01M","2.14%"
"08/14/2024","133,510","132,585","133,630","132,370","1.45M","0.71%"
"08/13/2024","132,564","131,520","132,575","131,480","13.18M","0.91%"
"08/12/2024","131,375","131,000","131,820","130,905","12.94M","0.39%"
"08/09/2024","130,859","128,835","130,870","128,635","14.48M","1.60%"
"08/08/2024","128,796","127,400","128,975","127,395","13.26M","0.83%"
"08/07/2024","127,730","126,900","127,750","126,705","16.40M","1.04%"
"08/06/2024","126,416","126,050","127,240","125,345","17.10M","0.73%"
"08/05/2024","125,495","123,790","125,610","123,130","17.99M","-0.62%"
"08/02/2024","126,276","127,315","128,430","126,090","15.34M","-1.15%"
"08/01/2024","127,741","127,980","129,325","127,515","15.03M","-0.30%"
"07/31/2024","128,123","127,400","128,295","127,055","13.29M","1.11%"
"07/30/2024","126,715","127,520","127,665","126,425","11.52M","-0.67%"
"07/29/2024","127,570","128,115","128,320","127,120","11.85M","-0.46%"
"07/26/2024","128,155","127,100","128,300","126,600","13.00M","1.26%"
"07/25/2024","126,560","126,745","126,875","126,185","13.02M","-0.43%"
"07/24/2024","127,107","127,005","127,475","126,845","13.21M","-0.12%"
"07/23/2024","127,254","128,465","128,505","127,210","13.23M","-1.12%"
"07/22/2024","128,693","128,400","128,950","128,135","12.86M","0.25%"
"07/19/2024","128,371","129,040","129,355","128,245","10.12M","-0.12%"
"07/18/2024","128,526","130,225","130,465","128,380","14.95M","-1.39%"
"07/17/2024","130,338","129,980","130,595","129,670","13.93M","0.13%"
"07/16/2024","130,165","130,200","130,565","129,730","15.30M","-0.18%"
"07/15/2024","130,398","129,950","130,570","129,750","13.93M","0.34%"
"07/12/2024","129,959","129,420","130,150","129,065","14.97M","0.44%"
"07/11/2024","129,390","128,400","129,515","128,325","15.91M","0.82%"
"07/10/2024","128,342","128,625","129,045","128,060","15.75M","-0.01%"
"07/09/2024","128,359","127,675","128,535","127,110","16.01M","0.55%"
"07/08/2024","127,652","127,600","127,845","126,790","15.59M","0.08%"
"07/05/2024","127,547","127,600","128,235","126,760","15.70M","0.04%"
"07/04/2024","127,498","128,000","128,240","127,370","13.06M","0.30%"
"07/03/2024","127,121","126,725","128,000","126,655","15.27M","0.57%"
"07/02/2024","126,400","125,700","126,950","125,545","17.94M","0.26%"
"07/01/2024","126,075","125,600","126,715","125,055","18.21M","0.54%"
"06/28/2024","125,401","125,835","126,120","124,700","18.07M","-0.31%"
"06/27/2024","125,791","124,050","125,825","124,050","17.37M","1.25%"
"06/26/2024","124,233","124,150","124,350","122,860","16.93M","0.29%"
"06/25/2024","123,872","124,035","124,410","123,520","15.31M","-0.27%"
"06/24/2024","124,211","123,090","124,490","122,820","14.61M","0.91%"
"06/21/2024","123,091","122,100","123,220","121,700","16.11M","0.76%"
"06/20/2024","122,157","123,270","123,395","121,770","19.03M","0.15%"
"06/19/2024","121,979","121,500","122,180","120,650","14.31M","0.54%"
"06/18/2024","121,322","120,550","121,845","120,275","16.74M","0.36%"
"06/17/2024","120,888","121,500","121,910","120,395","15.69M","-0.50%"
"06/14/2024","121,498","121,300","122,120","120,590","16.75M","0.02%"
"06/13/2024","121,473","121,830","122,260","121,025","18.16M","1.10%"
"06/12/2024","120,154","121,570","122,695","119,740","2.14M","-1.29%"
"06/11/2024","121,720","120,500","121,860","120,315","16.56M","0.69%"
"06/10/2024","120,884","120,695","121,500","120,515","16.91M","0.04%"
"06/07/2024","120,834","122,950","123,425","120,670","18.04M","-1.86%"
"06/06/2024","123,122","121,700","123,465","121,385","16.34M","1.27%"
"06/05/2024","121,579","122,305","122,380","121,410","16.60M","-0.36%"
"06/04/2024","122,013","121,720","122,190","121,120","17.52M","-0.25%"
"06/03/2024","122,323","122,860","122,920","121,730","15.80M","-0.25%"
"05/31/2024","122,627","123,350","123,460","122,215","14.00M","-0.37%"
"05/29/2024","123,078","123,720","123,865","122,865","15.10M","-0.90%"
"05/28/2024","124,200","125,415","126,200","123,930","18.14M","-0.61%"
"05/27/2024","124,959","124,810","125,085","124,550","10.62M","0.36%"
"05/25/2024","124,510","124,510","124,510","124,510","","-0.28%"
"05/24/2024","124,854","125,650","125,920","124,785","14.36M","-0.37%"
"05/23/2024","125,318","126,150","126,450","124,970","18.04M","-0.72%"
"05/22/2024","126,231","128,000","128,040","126,135","19.05M","-1.49%"
"05/21/2024","128,134","128,600","128,950","127,865","19.32M","-0.35%"
"05/20/2024","128,588","129,350","129,530","128,165","15.42M","-0.37%"
"05/17/2024","129,064","129,350","129,375","128,420","14.07M","-0.09%"
"05/16/2024","129,181","129,170","129,995","128,700","16.34M","0.16%"
"05/15/2024","128,973","128,230","129,230","127,610","18.11M","-0.40%"
"05/14/2024","129,489","128,715","129,965","128,510","17.11M","0.18%"
"05/13/2024","129,261","129,270","129,720","128,650","14.49M","0.48%"
"05/10/2024","128,638","129,600","130,025","128,525","15.55M","-0.50%"
"05/09/2024","129,279","129,600","129,625","128,385","16.95M","-0.96%"
"05/08/2024","130,526","129,900","130,695","129,150","15.16M","0.11%"
"05/07/2024","130,379","129,670","130,975","129,600","14.55M","0.47%"
"05/06/2024","129,771","130,415","130,485","129,480","14.15M","-0.14%"
"05/03/2024","129,958","128,450","130,315","127,845","16.30M","1.14%"
"05/02/2024","128,498","128,175","129,035","127,880","16.39M","0.90%"
"04/30/2024","127,350","128,320","128,620","127,115","15.65M","-1.01%"
"04/29/2024","128,648","127,990","128,690","127,720","14.93M","0.61%"
"04/26/2024","127,870","126,750","128,250","126,250","13.83M","1.44%"
"04/25/2024","126,056","125,915","127,255","125,040","18.04M","-0.16%"
"04/24/2024","126,253","127,040","127,300","126,005","15.89M","-0.27%"
"04/23/2024","126,597","127,025","127,435","125,760","17.74M","-0.39%"
"04/22/2024","127,093","127,295","127,655","126,125","16.17M","0.21%"
"04/19/2024","126,824","125,385","127,170","125,350","16.87M","0.81%"
"04/18/2024","125,810","126,370","126,820","124,990","19.02M","1.35%"
"04/17/2024","124,140","124,700","125,435","123,600","1.58M","-0.20%"
"04/16/2024","124,393","125,180","125,205","123,755","21.48M","-0.84%"
"04/15/2024","125,446","126,565","126,785","125,075","19.27M","-0.47%"
"04/12/2024","126,037","127,750","127,870","125,725","18.54M","-1.15%"
"04/11/2024","127,502","127,950","128,325","127,160","17.59M","-0.54%"
"04/10/2024","128,195","130,600","131,380","127,915","21.17M","-1.57%"
"04/09/2024","130,237","129,350","130,315","129,235","17.72M","0.78%"
"04/08/2024","129,228","127,350","129,565","127,020","14.97M","1.68%"
"04/05/2024","127,093","127,885","128,400","126,735","19.17M","-0.62%"
"04/04/2024","127,886","127,940","130,115","127,555","20.70M","0.07%"
"04/03/2024","127,791","127,585","128,210","126,590","16.76M","-0.17%"
"04/02/2024","128,009","127,650","128,160","127,085","15.38M","0.40%"
"04/01/2024","127,504","128,890","129,260","127,305","12.69M","-1.00%"
"03/28/2024","128,794","127,945","129,015","127,815","12.05M","0.32%"
"03/27/2024","128,382","127,800","128,480","126,830","13.61M","0.57%"
"03/26/2024","127,656","127,650","127,940","127,105","12.63M","-0.02%"
"03/25/2024","127,685","127,750","127,960","127,295","11.93M","-0.07%"
"03/22/2024","127,780","128,835","128,860","127,625","14.29M","-1.00%"
"03/21/2024","129,072","130,330","130,510","128,980","12.06M","-0.78%"
"03/20/2024","130,092","128,460","130,170","128,170","17.82M","1.21%"
"03/19/2024","128,542","127,845","128,975","127,600","15.85M","0.51%"
"03/18/2024","127,894","128,200","128,580","127,270","13.86M","0.32%"
"03/16/2024","127,490","127,490","127,490","127,490","","-0.22%"
"03/15/2024","127,774","128,930","129,060","127,515","14.04M","-0.84%"
"03/14/2024","128,857","129,550","129,580","128,270","16.14M","-0.37%"
"03/13/2024","129,330","128,940","129,740","128,480","14.37M","0.28%"
"03/12/2024","128,969","127,870","129,190","127,805","13.50M","1.18%"
"03/11/2024","127,465","127,695","128,240","127,235","12.25M","-0.70%"
"03/08/2024","128,367","127,500","128,880","127,100","18.71M","-1.03%"
"03/07/2024","129,697","130,580","130,615","129,370","14.26M","-0.49%"
"03/06/2024","130,340","130,175","130,775","129,880","16.42M","0.57%"
"03/05/2024","129,596","129,700","130,520","129,270","15.65M","-0.20%"
"03/04/2024","129,856","130,680","130,875","129,740","12.15M","-0.70%"
"03/01/2024","130,772","130,970","131,315","130,230","14.04M","0.10%"
"02/29/2024","130,638","132,200","132,270","130,270","15.68M","-0.87%"
"02/28/2024","131,785","132,900","133,080","131,420","15.80M","-1.31%"
"02/27/2024","133,534","131,850","133,600","131,830","13.03M","1.61%"
"02/26/2024","131,423","131,235","131,785","130,860","13.14M","0.16%"
"02/23/2024","131,216","132,260","132,480","130,860","14.69M","-0.62%"
"02/22/2024","132,029","132,950","133,000","131,820","15.20M","0.04%"
"02/21/2024","131,981","131,520","132,245","131,215","15.96M","0.00%"
"02/20/2024","131,977","130,395","132,070","130,085","15.93M","0.77%"
"02/19/2024","130,972","130,465","131,065","130,085","10.29M","0.13%"
"02/16/2024","130,801","130,180","131,165","129,690","15.95M","0.74%"
"02/15/2024","129,846","129,465","129,925","128,985","15.32M","2.36%"
"02/14/2024","126,852","127,270","127,620","126,705","1.10M","-0.99%"
"02/09/2024","128,118","128,600","129,020","127,575","16.16M","-0.08%"
"02/08/2024","128,221","129,835","130,195","127,955","16.31M","-1.44%"
"02/07/2024","130,096","130,650","130,650","129,555","16.21M","-0.55%"
"02/06/2024","130,820","127,995","131,110","127,870","16.22M","2.32%"
"02/05/2024","127,851","127,320","128,075","126,610","15.96M","0.29%"
"02/02/2024","127,476","129,035","129,280","126,860","16.41M","-1.03%"
"02/01/2024","128,799","128,485","128,950","127,545","16.95M","0.50%"
"01/31/2024","128,162","127,595","130,060","127,530","19.42M","0.26%"
"01/30/2024","127,836","128,820","129,260","127,495","16.84M","-0.86%"
"01/29/2024","128,946","129,630","129,655","128,320","15.25M","-0.39%"
"01/26/2024","129,456","129,125","129,805","128,370","14.84M","0.54%"
"01/25/2024","128,760","128,740","129,315","128,400","15.31M","0.30%"
"01/24/2024","128,378","129,760","130,215","128,250","16.98M","-0.50%"
"01/23/2024","129,026","127,600","129,155","127,480","16.24M","1.40%"
"01/22/2024","127,243","128,450","128,645","126,580","16.15M","-0.97%"
"01/19/2024","128,483","128,690","128,890","127,295","15.15M","0.25%"
"01/18/2024","128,163","129,730","130,200","128,040","15.64M","-0.95%"
"01/17/2024","129,393","129,600","130,165","128,980","14.88M","-0.63%"
"01/16/2024","130,208","131,945","132,010","130,015","17.37M","-1.86%"
"01/15/2024","132,680","131,695","132,830","131,260","11.03M","0.43%"
"01/12/2024","132,107","131,580","133,040","131,380","13.95M","0.22%"
"01/11/2024","131,817","132,050","132,430","130,950","16.73M","-0.12%"
"01/10/2024","131,976","132,700","133,060","131,595","14.66M","-0.55%"
"01/09/2024","132,711","133,490","133,495","132,360","15.58M","-0.81%"
"01/08/2024","133,794","132,840","134,050","132,305","14.76M","0.28%"
"01/05/2024","133,414","132,310","134,040","131,840","16.31M","0.61%"
"01/04/2024","132,609","134,650","134,715","132,390","15.29M","-1.33%"
"01/03/2024","134,398","133,925","135,150","133,620","15.07M","0.14%"
"01/02/2024","134,206","135,250","135,350","133,550","13.31M","-1.17%"
"12/28/2023","135,790","135,780","136,085","135,425","10.27M","-0.12%"
"12/27/2023","135,959","135,400","136,100","135,070","10.46M","0.43%"
"12/26/2023","135,383","134,760","135,550","134,520","8.31M","0.60%"
"12/22/2023","134,582","134,100","134,920","133,910","12.20M","0.36%"
"12/21/2023","134,093","133,375","134,240","133,270","13.94M","1.08%"
"12/20/2023","132,654","133,610","134,325","132,530","15.05M","-0.95%"
"12/19/2023","133,921","133,150","134,045","133,010","13.18M","0.53%"
"12/18/2023","133,216","132,450","133,495","132,445","11.57M","0.70%"
"12/15/2023","132,293","133,100","133,760","131,930","13.35M","-0.50%"
"12/14/2023","132,955","132,625","133,350","132,405","14.69M","3.87%"
"12/13/2023","128,006","126,680","128,110","126,285","1.57M","1.18%"
"12/12/2023","126,508","127,410","127,590","126,010","13.09M","-0.44%"
"12/11/2023","127,072","127,125","127,300","126,565","14.75M","-0.17%"
"12/08/2023","127,287","126,415","127,495","125,670","17.18M","0.87%"
"12/07/2023","126,195","125,935","126,835","125,755","15.45M","0.22%"
"12/06/2023","125,915","127,495","127,880","125,735","16.20M","-0.98%"
"12/05/2023","127,162","127,100","127,860","126,780","17.62M","-0.03%"
"12/04/2023","127,205","127,935","128,195","127,010","14.24M","-1.04%"
"12/01/2023","128,545","128,090","128,650","127,070","15.75M","0.57%"
"11/30/2023","127,818","127,000","127,965","126,625","15.16M","0.96%"
"11/29/2023","126,602","127,400","127,885","126,465","15.92M","-0.45%"
"11/28/2023","127,171","126,115","127,525","125,960","15.74M","0.61%"
"11/27/2023","126,399","126,095","126,645","125,485","15.24M","0.16%"
"11/24/2023","126,200","127,350","127,360","126,040","12.44M","-0.91%"
"11/23/2023","127,362","126,600","127,545","126,390","9.65M","0.48%"
"11/22/2023","126,754","126,620","127,730","126,245","17.25M","0.21%"
"11/21/2023","126,491","126,790","126,990","125,870","15.73M","-0.33%"
"11/20/2023","126,905","126,165","127,115","125,845","13.70M","0.90%"
"11/17/2023","125,773","125,835","126,440","125,465","14.85M","0.07%"
"11/16/2023","125,690","124,475","125,830","124,125","17.57M","1.05%"
"11/14/2023","124,388","121,575","124,790","121,550","15.51M","2.37%"
"11/13/2023","121,509","121,555","121,660","120,865","15.40M","-0.22%"
"11/10/2023","121,781","120,545","122,010","120,310","16.50M","1.40%"
"11/09/2023","120,094","120,545","121,465","119,525","19.90M","-0.17%"
"11/08/2023","120,300","120,210","121,240","119,665","18.56M","-0.21%"
"11/07/2023","120,549","119,350","120,875","118,995","17.36M","0.64%"
"11/06/2023","119,781","119,650","120,125","119,290","16.07M","0.06%"
"11/03/2023","119,714","117,765","119,875","117,715","16.56M","2.66%"
"11/01/2023","116,612","114,530","116,905","114,220","19.60M","1.76%"
"10/31/2023","114,599","114,250","114,980","113,415","19.84M","0.70%"
"10/30/2023","113,807","115,550","115,910","113,600","18.56M","-0.83%"
"10/27/2023","114,756","116,665","116,860","114,340","20.50M","-1.44%"
"10/26/2023","116,438","113,820","116,755","113,680","20.30M","1.73%"
"10/25/2023","114,462","115,400","115,695","114,180","18.27M","-0.96%"
"10/24/2023","115,573","115,395","115,860","114,355","19.97M","0.97%"
"10/23/2023","114,465","114,290","115,375","113,785","18.82M","-0.29%"
"10/20/2023","114,802","115,470","115,825","114,190","19.33M","-0.83%"
"10/19/2023","115,763","115,650","116,920","115,555","20.98M","1.18%"
"10/18/2023","114,408","115,460","115,545","114,390","1.93M","-1.30%"
"10/17/2023","115,919","116,140","116,970","115,560","17.54M","-0.62%"
"10/16/2023","116,646","116,400","117,035","116,095","15.97M","0.76%"
"10/13/2023","115,762","116,300","117,185","115,685","16.11M","-1.31%"
"10/11/2023","117,293","117,295","117,695","116,385","16.08M","0.26%"
"10/10/2023","116,986","115,900","117,180","115,745","15.98M","1.34%"
"10/09/2023","115,440","113,620","115,695","113,440","16.85M","0.84%"
"10/06/2023","114,476","113,800","114,795","111,860","20.32M","0.75%"
"10/05/2023","113,628","114,000","114,720","113,030","16.69M","-0.40%"
"10/04/2023","114,085","114,290","114,580","113,420","17.41M","0.19%"
"10/03/2023","113,865","115,000","115,525","113,555","18.89M","-1.50%"
"10/02/2023","115,600","117,000","117,295","115,230","16.24M","-1.38%"
"09/29/2023","117,222","116,965","117,730","116,410","16.24M","0.70%"
"09/28/2023","116,410","115,000","116,620","114,695","17.37M","1.38%"
"09/27/2023","114,824","115,400","115,995","113,985","17.25M","-0.11%"
"09/26/2023","114,952","116,550","116,745","114,685","17.02M","-1.56%"
"09/25/2023","116,769","116,400","117,130","116,175","13.54M","-0.09%"
"09/22/2023","116,870","117,460","117,995","116,635","15.39M","-0.06%"
"09/21/2023","116,945","118,700","118,715","116,805","17.79M","-2.27%"
"09/20/2023","119,666","119,035","120,700","118,970","17.01M","0.72%"
"09/19/2023","118,815","119,680","119,715","118,620","16.71M","-0.51%"
"09/18/2023","119,429","119,750","120,585","119,160","14.70M","-0.45%"
"09/15/2023","119,970","120,750","120,980","119,755","14.14M","-0.49%"
"09/14/2023","120,556","120,100","120,945","119,920","15.36M","0.88%"
"09/13/2023","119,508","118,955","120,655","118,760","15.66M","0.20%"
"09/12/2023","119,272","118,540","119,490","118,290","14.88M","0.81%"
"09/11/2023","118,313","117,415","118,545","116,945","14.98M","1.37%"
"09/08/2023","116,713","116,320","116,965","116,030","12.42M","-0.57%"
"09/06/2023","117,377","118,900","119,400","117,240","15.77M","-1.16%"
"09/05/2023","118,757","119,055","119,475","118,065","16.67M","-0.55%"
"09/04/2023","119,414","119,300","120,135","119,045","11.18M","0.02%"
"09/01/2023","119,393","118,400","119,615","117,800","13.17M","1.62%"
"08/31/2023","117,493","119,300","119,575","117,380","15.25M","-1.55%"
"08/30/2023","119,345","119,915","120,595","119,090","14.03M","-0.77%"
"08/29/2023","120,276","118,920","120,360","118,825","14.38M","1.01%"
"08/28/2023","119,070","117,995","119,185","117,560","15.26M","1.21%"
"08/25/2023","117,646","119,025","119,210","117,250","16.40M","-1.06%"
"08/24/2023","118,904","120,095","120,200","118,720","15.51M","-0.83%"
"08/23/2023","119,900","118,810","120,500","118,260","14.21M","1.48%"
"08/22/2023","118,154","116,800","118,390","116,600","15.74M","1.50%"
"08/21/2023","116,413","117,845","117,855","116,100","16.15M","-0.95%"
"08/18/2023","117,525","116,990","117,900","116,585","16.11M","0.33%"
"08/17/2023","117,135","118,560","118,860","116,985","16.52M","0.66%"
"08/16/2023","116,364","116,060","117,340","115,805","1.76M","0.26%"
"08/15/2023","116,059","116,070","117,700","115,665","17.74M","-0.75%"
"08/14/2023","116,937","118,170","118,230","116,645","15.89M","-1.04%"
"08/11/2023","118,170","118,350","119,260","117,550","16.54M","-0.26%"
"08/10/2023","118,476","119,100","119,695","118,090","16.50M","-0.13%"
"08/09/2023","118,630","119,740","119,740","118,095","17.35M","-0.62%"
"08/08/2023","119,374","118,675","119,885","117,615","16.66M","-0.35%"
"08/07/2023","119,788","120,160","120,495","119,230","15.45M","-0.03%"
"08/04/2023","119,824","120,680","121,935","119,540","20.18M","-0.97%"
"08/03/2023","121,003","122,240","123,165","120,600","19.28M","-0.29%"
"08/02/2023","121,357","121,030","121,850","120,265","16.57M","-0.43%"
"08/01/2023","121,884","122,225","122,240","120,725","15.96M","-0.62%"
"07/31/2023","122,648","121,390","122,875","121,205","13.54M","1.40%"
"07/28/2023","120,951","120,810","121,765","120,405","13.36M","0.21%"
"07/27/2023","120,700","123,655","123,875","120,090","16.05M","-2.33%"
"07/26/2023","123,582","122,650","123,695","122,220","15.24M","0.47%"
"07/25/2023","123,001","123,155","124,260","122,755","14.92M","0.46%"
"07/24/2023","122,442","121,220","122,810","121,000","15.13M","0.92%"
"07/21/2023","121,324","119,100","121,530","118,835","15.66M","1.86%"
"07/20/2023","119,109","118,950","119,485","118,440","14.88M","0.36%"
"07/19/2023","118,686","119,150","119,260","117,685","15.54M","-0.29%"
"07/18/2023","119,028","119,500","119,960","118,400","16.27M","-0.41%"
"07/17/2023","119,520","118,700","119,695","117,810","13.92M","0.49%"
"07/14/2023","118,932","120,730","120,965","118,760","13.68M","-1.36%"
"07/13/2023","120,577","119,395","121,175","119,310","13.18M","1.41%"
"07/12/2023","118,897","119,505","120,475","118,750","14.85M","0.01%"
"07/11/2023","118,882","119,720","119,800","117,030","15.41M","-0.39%"
"07/10/2023","119,352","119,930","120,300","119,240","13.83M","-0.88%"
"07/07/2023","120,409","119,585","121,215","119,200","14.18M","1.24%"
"07/06/2023","118,937","121,000","121,005","118,650","15.50M","-1.92%"
"07/05/2023","121,267","120,370","121,985","119,730","15.77M","0.44%"
"07/04/2023","120,733","121,440","121,590","120,485","12.08M","-0.68%"
"07/03/2023","121,560","119,985","121,740","119,900","12.23M","1.41%"
"06/30/2023","119,864","120,860","121,550","119,680","15.08M","-0.56%"
"06/29/2023","120,535","119,115","120,680","118,375","13.85M","1.55%"
"06/28/2023","118,696","119,650","119,950","118,450","15.30M","-0.76%"
"06/27/2023","119,603","120,635","121,400","118,545","15.95M","-0.62%"
"06/26/2023","120,345","120,960","121,155","119,500","13.33M","-0.68%"
"06/23/2023","121,172","120,900","121,595","120,310","14.28M","0.04%"
"06/22/2023","121,128","121,795","122,315","120,180","15.05M","-1.27%"
"06/21/2023","122,692","121,950","122,870","121,540","13.92M","0.66%"
"06/20/2023","121,883","122,060","122,080","120,720","13.80M","-0.34%"
"06/19/2023","122,295","121,040","122,450","120,830","10.90M","0.94%"
"06/16/2023","121,161","121,850","122,065","120,760","12.46M","-0.54%"
"06/15/2023","121,813","120,850","122,255","120,830","13.35M","2.94%"
"06/14/2023","118,330","117,695","119,085","117,205","1.67M","1.27%"
"06/13/2023","116,848","117,950","118,215","116,425","13.96M","-0.58%"
"06/12/2023","117,532","117,450","118,040","116,815","13.17M","0.23%"
"06/09/2023","117,260","116,360","117,840","116,340","12.72M","1.24%"
"06/07/2023","115,823","115,600","116,270","114,870","14.70M","0.69%"
"06/06/2023","115,029","112,815","115,160","112,800","14.94M","1.65%"
"06/05/2023","113,166","112,950","113,500","112,005","12.41M","0.06%"
"06/02/2023","113,097","111,880","113,475","111,805","13.41M","1.73%"
"06/01/2023","111,171","109,540","111,310","108,715","15.11M","1.95%"
"05/31/2023","109,048","108,930","109,665","108,675","14.83M","-0.46%"
"05/30/2023","109,550","111,175","111,980","109,055","15.03M","-1.27%"
"05/29/2023","110,960","111,800","111,925","110,650","10.53M","-0.61%"
"05/26/2023","111,642","111,300","112,405","110,390","15.94M","0.74%"
"05/25/2023","110,824","110,295","111,880","110,200","16.00M","1.13%"
"05/24/2023","109,587","110,665","111,075","109,160","14.33M","-1.05%"
"05/23/2023","110,746","110,870","112,150","110,430","16.09M","-0.21%"
"05/22/2023","110,977","111,250","112,550","110,890","14.10M","-0.54%"
"05/19/2023","111,582","111,080","112,125","110,585","14.54M","0.42%"
"05/18/2023","111,112","110,450","111,235","109,550","14.76M","0.54%"
"05/17/2023","110,513","109,400","110,795","109,150","14.97M","1.32%"
"05/16/2023","109,076","109,850","111,250","108,885","15.52M","-1.00%"
"05/15/2023","110,178","110,100","110,375","109,345","12.43M","0.49%"
"05/12/2023","109,639","109,300","109,900","108,435","13.29M","0.14%"
"05/11/2023","109,485","108,315","109,930","107,465","15.07M","0.72%"
"05/10/2023","108,704","108,250","109,000","107,590","14.06M","0.19%"
"05/09/2023","108,500","106,800","109,055","106,570","14.22M","1.04%"
"05/08/2023","107,384","107,100","108,035","106,545","14.76M","0.75%"
"05/06/2023","106,580","106,580","106,580","106,580","","-0.02%"
"05/05/2023","106,606","104,100","106,785","103,755","14.87M","2.92%"
"05/04/2023","103,580","103,150","104,800","102,320","16.53M","0.40%"
"05/03/2023","103,164","103,190","103,765","102,725","15.16M","-0.06%"
"05/02/2023","103,223","105,175","105,575","102,915","13.20M","-2.39%"
"04/28/2023","105,753","104,200","105,970","103,875","13.44M","1.17%"
"04/27/2023","104,525","104,455","104,700","103,425","13.19M","0.54%"
"04/26/2023","103,965","105,165","105,865","103,750","12.67M","-0.84%"
"04/25/2023","104,846","105,375","105,490","104,175","13.52M","-0.79%"
"04/24/2023","105,681","105,650","106,585","104,855","12.83M","-0.36%"
"04/20/2023","106,065","105,500","106,420","104,735","13.84M","0.44%"
"04/19/2023","105,604","106,930","107,150","105,315","13.94M","-2.31%"
"04/18/2023","108,097","108,420","109,375","106,925","14.98M","0.07%"
"04/17/2023","108,023","108,880","108,900","107,545","13.35M","-0.35%"
"04/14/2023","108,403","108,250","108,850","106,765","14.21M","-0.14%"
"04/13/2023","108,550","109,000","109,400","108,215","13.61M","0.79%"
"04/12/2023","107,701","106,655","108,220","106,150","2.12M","1.23%"
"04/11/2023","106,395","102,500","106,580","102,440","15.86M","4.32%"
"04/10/2023","101,985","101,130","102,350","100,845","12.14M","1.00%"
"04/06/2023","100,980","101,000","101,720","100,505","12.61M","-0.08%"
"04/05/2023","101,064","102,155","102,355","100,055","16.24M","-1.12%"
"04/04/2023","102,211","102,185","103,320","101,780","14.54M","0.40%"
"04/03/2023","101,805","102,240","102,500","100,860","13.88M","-0.32%"
"03/31/2023","102,128","104,000","104,675","101,750","14.99M","-1.93%"
"03/30/2023","104,141","103,680","104,535","103,030","13.79M","1.86%"
"03/29/2023","102,240","102,250","102,675","100,560","15.00M","0.56%"
"03/28/2023","101,670","100,100","102,065","99,770","12.15M","1.52%"
"03/27/2023","100,149","99,955","100,525","99,525","12.38M","0.66%"
"03/24/2023","99,496","97,350","99,870","97,250","15.26M","1.14%"
"03/23/2023","98,371","100,755","101,780","97,440","16.24M","-2.44%"
"03/22/2023","100,833","101,750","102,650","100,675","14.65M","-0.92%"
"03/21/2023","101,770","102,430","102,500","101,535","11.95M","0.10%"
"03/20/2023","101,666","102,760","103,080","101,315","13.95M","-1.28%"
"03/17/2023","102,986","104,275","104,335","102,335","12.45M","-1.21%"
"03/16/2023","104,248","103,590","104,775","103,220","14.95M","0.66%"
"03/15/2023","103,562","102,700","103,935","101,485","18.26M","-0.28%"
"03/14/2023","103,851","104,650","105,145","103,385","16.88M","-0.23%"
"03/13/2023","104,092","104,550","104,925","103,135","19.67M","-0.47%"
"03/10/2023","104,580","106,025","106,150","104,155","18.45M","-1.45%"
"03/09/2023","106,118","107,650","107,970","105,865","17.67M","-1.57%"
"03/08/2023","107,808","105,740","107,960","105,425","15.15M","2.29%"
"03/07/2023","105,398","106,055","106,350","104,615","15.81M","-0.64%"
"03/06/2023","106,074","104,800","106,450","104,310","15.37M","1.01%"
"03/03/2023","105,012","104,820","105,775","104,555","15.06M","0.42%"
"03/02/2023","104,578","106,110","106,260","104,430","17.02M","-1.14%"
"03/01/2023","105,786","106,360","106,695","104,375","17.83M","-0.35%"
"02/28/2023","106,156","107,100","108,265","105,975","16.53M","-0.91%"
"02/27/2023","107,131","107,955","108,045","106,660","15.80M","-0.21%"
"02/24/2023","107,355","108,600","109,100","106,805","13.86M","-1.71%"
"02/23/2023","109,220","109,110","110,365","108,210","15.29M","0.41%"
"02/22/2023","108,772","109,885","109,915","108,275","8.49M","-1.89%"
"02/17/2023","110,868","111,245","111,635","110,675","14.17M","-0.78%"
"02/16/2023","111,745","111,540","112,255","110,075","17.14M","1.77%"
"02/15/2023","109,805","108,040","110,180","107,210","2.00M","1.87%"
"02/14/2023","107,792","109,350","109,745","107,550","17.01M","-1.12%"
"02/13/2023","109,011","108,175","109,350","107,470","13.79M","0.69%"
"02/10/2023","108,266","107,650","108,800","107,120","14.76M","0.01%"
"02/09/2023","108,251","110,845","110,870","107,920","16.70M","-1.73%"
"02/08/2023","110,158","108,500","110,485","108,450","17.13M","1.99%"
"02/07/2023","108,010","109,355","109,695","107,435","17.84M","-0.95%"
"02/06/2023","109,046","108,350","109,195","107,700","16.90M","0.17%"
"02/03/2023","108,857","109,850","110,965","108,465","16.17M","-1.43%"
"02/02/2023","110,431","112,100","113,445","110,100","16.93M","-1.84%"
"02/01/2023","112,503","113,860","114,110","111,155","16.97M","-1.44%"
"01/31/2023","114,150","112,655","114,265","112,490","12.42M","1.16%"
"01/30/2023","112,837","112,610","113,625","112,375","14.15M","-0.12%"
"01/27/2023","112,971","114,830","115,070","112,625","13.08M","-1.66%"
"01/26/2023","114,879","115,045","115,585","114,270","14.71M","-0.18%"
"01/25/2023","115,089","113,475","115,235","112,585","14.99M","1.04%"
"01/24/2023","113,899","112,065","114,000","111,870","14.62M","1.19%"
"01/23/2023","112,555","113,200","113,880","112,305","15.58M","-0.29%"
"01/20/2023","112,881","113,880","114,010","112,545","14.17M","-0.77%"
"01/19/2023","113,755","111,750","114,170","111,505","15.11M","0.55%"
"01/18/2023","113,136","112,920","114,340","112,830","16.76M","0.62%"
"01/17/2023","112,438","110,000","112,660","109,940","13.84M","2.17%"
"01/16/2023","110,046","111,100","111,640","109,705","12.20M","-1.82%"
"01/13/2023","112,086","112,630","112,895","111,405","14.15M","-0.83%"
"01/12/2023","113,028","113,200","114,070","111,695","17.46M","-0.76%"
"01/11/2023","113,894","111,950","114,190","111,755","15.84M","1.63%"
"01/10/2023","112,064","109,750","112,495","109,375","16.03M","1.73%"
"01/09/2023","110,160","109,335","111,295","108,800","15.75M","-0.19%"
"01/06/2023","110,374","109,050","110,815","108,845","14.40M","1.26%"
"01/05/2023","109,005","107,280","109,200","106,650","15.06M","2.10%"
"01/04/2023","106,766","105,550","107,070","105,150","17.81M","1.40%"
"01/03/2023","105,296","107,950","108,045","104,970","17.92M","-2.22%"
"01/02/2023","107,691","110,400","110,585","107,265","9.71M","-3.07%"
"12/29/2022","111,103","112,080","112,850","110,880","13.07M","-0.89%"
"12/28/2022","112,102","110,380","112,290","110,200","14.20M","1.78%"
"12/27/2022","110,144","111,175","111,370","108,945","13.84M","-0.32%"
"12/26/2022","110,498","111,240","111,775","109,940","8.96M","-0.82%"
"12/23/2022","111,412","109,560","111,825","109,285","13.32M","1.99%"
"12/22/2022","109,238","109,000","110,220","108,190","15.80M","-0.01%"
"12/21/2022","109,251","109,710","109,810","107,760","16.82M","0.30%"
"12/20/2022","108,925","106,705","109,785","106,160","18.11M","2.11%"
"12/19/2022","106,677","105,000","107,045","104,195","15.41M","2.04%"
"12/16/2022","104,543","105,120","106,010","104,110","14.90M","-1.10%"
"12/15/2022","105,710","105,030","107,630","104,700","16.39M","2.06%"
"12/14/2022","103,574","103,240","103,675","101,620","2.13M","0.20%"
"12/13/2022","103,364","104,980","107,000","103,095","17.66M","-1.79%"
"12/12/2022","105,249","107,895","107,895","103,765","17.01M","-2.10%"
"12/09/2022","107,510","107,880","108,710","107,135","12.53M","0.19%"
"12/08/2022","107,309","109,440","109,745","106,980","16.85M","-1.96%"
"12/07/2022","109,458","109,770","110,440","108,760","17.80M","-1.01%"
"12/06/2022","110,570","109,770","110,925","109,405","16.97M","0.86%"
"12/05/2022","109,630","112,815","112,840","109,515","15.03M","-2.37%"
"12/02/2022","112,293","111,500","114,200","110,225","15.61M","0.82%"
"12/01/2022","111,380","112,500","112,690","110,905","15.60M","-1.22%"
"11/30/2022","112,753","112,000","113,000","110,600","18.05M","1.10%"
"11/29/2022","111,529","110,150","112,835","109,755","15.57M","1.97%"
"11/28/2022","109,377","108,550","110,075","107,915","14.17M","-0.14%"
"11/25/2022","109,531","112,280","113,035","109,110","14.97M","-2.73%"
"11/24/2022","112,609","110,380","113,425","110,055","13.37M","2.79%"
"11/23/2022","109,553","109,965","110,175","108,540","17.83M","0.09%"
"11/22/2022","109,452","110,500","111,425","108,560","17.68M","-1.12%"
"11/21/2022","110,690","109,580","111,110","108,715","17.04M","1.05%"
"11/18/2022","109,545","111,410","112,485","109,270","16.83M","-0.79%"
"11/17/2022","110,418","109,155","110,610","108,105","18.28M","-0.56%"
"11/16/2022","111,041","113,655","114,320","110,340","18.51M","-2.70%"
"11/14/2022","114,125","113,155","115,460","112,760","16.63M","0.68%"
"11/11/2022","113,349","111,985","114,265","110,175","17.25M","2.28%"
"11/10/2022","110,819","114,155","114,155","109,530","17.51M","-3.42%"
"11/09/2022","114,746","116,900","117,425","114,255","16.60M","-2.23%"
"11/08/2022","117,359","116,740","118,590","115,220","18.15M","0.68%"
"11/07/2022","116,569","120,045","120,280","116,370","16.21M","-2.47%"
"11/04/2022","119,522","120,115","121,605","118,900","17.61M","0.89%"
"11/03/2022","118,466","115,865","118,970","115,490","14.58M","-0.03%"
"11/01/2022","118,498","118,105","119,920","116,985","18.26M","0.69%"
"10/31/2022","117,683","113,000","118,450","112,500","20.37M","1.16%"
"10/28/2022","116,332","114,465","117,100","114,415","17.01M","0.07%"
"10/27/2022","116,250","114,900","118,215","114,300","19.94M","1.66%"
"10/26/2022","114,355","116,395","116,830","114,195","16.71M","-1.66%"
"10/25/2022","116,288","118,020","118,675","116,180","15.08M","-1.38%"
"10/24/2022","117,914","121,825","121,835","117,665","17.83M","-3.50%"
"10/21/2022","122,196","118,385","122,825","118,280","18.24M","2.54%"
"10/20/2022","119,172","118,860","119,680","118,465","16.41M","0.69%"
"10/19/2022","118,356","117,500","118,565","117,140","17.29M","0.41%"
"10/18/2022","117,870","116,945","118,260","116,205","17.47M","1.83%"
"10/17/2022","115,756","115,000","116,515","114,425","14.63M","1.45%"
"10/14/2022","114,096","116,525","116,930","113,675","18.51M","-0.71%"
"10/13/2022","114,912","115,450","115,810","112,600","1.90M","0.07%"
"10/11/2022","114,829","115,410","116,010","114,315","17.21M","-1.05%"
"10/10/2022","116,047","116,960","117,400","115,375","15.00M","-0.53%"
"10/07/2022","116,671","117,550","118,190","116,050","15.81M","-1.00%"
"10/06/2022","117,851","117,310","118,700","117,170","16.11M","0.23%"
"10/05/2022","117,577","116,080","117,935","115,875","16.31M","0.80%"
"10/04/2022","116,648","118,060","118,840","116,100","18.26M","-0.07%"
"10/03/2022","116,728","114,355","117,130","113,605","16.70M","5.63%"
"09/30/2022","110,502","108,500","110,960","107,500","17.82M","2.22%"
"09/29/2022","108,104","108,320","108,645","106,530","17.33M","-0.74%"
"09/28/2022","108,909","108,135","109,495","108,030","18.28M","-0.02%"
"09/27/2022","108,927","110,350","111,585","108,630","19.52M","-0.63%"
"09/26/2022","109,613","111,525","111,815","109,075","20.21M","-2.52%"
"09/23/2022","112,444","113,200","113,370","111,320","18.07M","-2.10%"
"09/22/2022","114,860","113,480","115,210","112,515","17.78M","1.89%"
"09/21/2022","112,726","113,600","114,180","112,035","18.65M","-0.66%"
"09/20/2022","113,475","112,900","113,670","112,165","16.96M","0.51%"
"09/19/2022","112,896","109,165","113,500","108,980","17.02M","2.51%"
"09/16/2022","110,134","110,110","110,460","109,420","16.94M","-0.72%"
"09/15/2022","110,931","111,460","112,150","110,430","17.61M","-0.63%"
"09/14/2022","111,636","111,620","112,550","111,075","17.67M","-0.17%"
"09/13/2022","111,825","115,150","115,365","111,540","17.48M","-2.47%"
"09/12/2022","114,659","114,230","115,395","113,875","13.62M","1.02%"
"09/09/2022","113,499","112,100","113,775","111,985","13.39M","2.06%"
"09/08/2022","111,213","111,745","112,055","109,770","20.45M","0.22%"
"09/06/2022","110,970","113,350","113,375","110,580","18.12M","-2.35%"
"09/05/2022","113,645","112,215","114,050","112,175","11.03M","1.25%"
"09/02/2022","112,246","111,690","113,805","111,435","16.77M","0.30%"
"09/01/2022","111,912","111,250","112,125","109,620","18.39M","0.66%"
"08/31/2022","111,179","111,865","112,935","111,020","17.84M","-0.67%"
"08/30/2022","111,928","114,395","114,540","111,660","16.68M","-1.77%"
"08/29/2022","113,949","113,420","114,920","113,130","13.43M","-0.04%"
"08/26/2022","113,995","114,855","115,850","113,575","15.98M","-1.04%"
"08/25/2022","115,198","115,520","115,810","114,455","13.84M","0.42%"
"08/24/2022","114,719","114,775","115,670","114,275","15.12M","0.04%"
"08/23/2022","114,678","113,060","114,940","112,460","12.99M","2.06%"
"08/22/2022","112,360","112,150","112,800","111,715","15.02M","-0.86%"
"08/19/2022","113,340","114,980","115,270","112,830","14.28M","-2.23%"
"08/18/2022","115,925","115,785","116,445","115,295","13.97M","1.94%"
"08/17/2022","113,716","112,900","114,000","112,255","1.98M","0.11%"
"08/16/2022","113,589","113,050","113,890","112,690","15.69M","0.44%"
"08/15/2022","113,086","111,500","113,330","110,815","14.00M","0.44%"
"08/12/2022","112,585","110,285","112,910","110,280","13.69M","2.25%"
"08/11/2022","110,112","110,800","111,765","109,715","15.96M","-0.44%"
"08/10/2022","110,602","109,000","110,885","108,925","14.49M","1.45%"
"08/09/2022","109,026","109,100","109,590","108,120","15.84M","0.11%"
"08/08/2022","108,911","107,250","109,290","107,155","14.80M","2.00%"
"08/05/2022","106,779","106,735","107,625","105,870","14.89M","0.29%"
"08/04/2022","106,466","104,265","107,220","104,170","14.52M","2.08%"
"08/03/2022","104,294","104,200","104,485","103,225","13.78M","0.46%"
"08/02/2022","103,812","102,250","104,240","102,095","17.47M","1.03%"
"08/01/2022","102,756","103,825","103,900","102,260","14.50M","-1.00%"
"07/29/2022","103,789","103,790","104,655","103,165","13.70M","0.49%"
"07/28/2022","103,285","102,245","103,600","101,640","13.40M","1.15%"
"07/27/2022","102,112","101,025","102,550","100,615","12.70M","1.62%"
"07/26/2022","100,486","100,955","101,440","100,015","13.67M","-0.54%"
"07/25/2022","101,035","100,415","101,265","100,300","12.80M","1.26%"
"07/22/2022","99,775","100,050","100,485","99,045","13.75M","0.06%"
"07/21/2022","99,718","98,615","99,890","97,795","14.69M","0.60%"
"07/20/2022","99,126","98,900","99,245","98,080","14.48M","0.14%"
"07/19/2022","98,991","98,180","99,540","97,905","14.66M","1.29%"
"07/18/2022","97,735","98,650","99,265","97,515","14.08M","0.16%"
"07/15/2022","97,580","97,155","97,975","96,155","13.77M","0.57%"
"07/14/2022","97,030","97,835","98,120","96,435","15.59M","-1.92%"
"07/13/2022","98,931","99,705","100,020","98,355","18.01M","-0.44%"
"07/12/2022","99,371","98,735","99,830","98,280","16.31M","0.06%"
"07/11/2022","99,313","100,530","100,720","98,945","16.30M","-2.19%"
"07/08/2022","101,535","102,050","102,815","101,125","15.51M","-0.55%"
"07/07/2022","102,098","100,740","102,775","100,675","13.49M","2.10%"
"07/06/2022","99,995","99,135","100,440","98,625","18.44M","0.47%"
"07/05/2022","99,528","99,130","99,740","97,740","18.95M","-0.32%"
"07/04/2022","99,852","100,190","100,730","99,500","12.43M","-0.45%"
"07/01/2022","100,299","99,235","100,730","98,560","17.89M","0.49%"
"06/30/2022","99,809","100,075","100,700","99,075","19.20M","-1.19%"
"06/29/2022","101,011","102,120","103,190","100,665","18.56M","-1.07%"
"06/28/2022","102,106","103,410","103,895","101,470","17.54M","-0.40%"
"06/27/2022","102,517","101,100","102,945","100,675","15.41M","2.14%"
"06/24/2022","100,370","100,000","101,040","99,560","15.31M","0.63%"
"06/23/2022","99,744","101,485","102,015","99,200","17.99M","-1.40%"
"06/22/2022","101,159","100,350","102,190","99,770","16.72M","-0.20%"
"06/21/2022","101,360","102,500","102,880","100,845","17.51M","-0.31%"
"06/20/2022","101,679","101,455","102,290","100,175","13.81M","-0.05%"
"06/17/2022","101,727","103,070","103,380","100,315","18.13M","-1.25%"
"06/15/2022","103,011","102,660","103,995","102,375","1.78M","0.87%"
"06/14/2022","102,122","103,000","103,400","101,290","18.57M","-0.57%"
"06/13/2022","102,708","103,600","104,045","101,760","18.54M","-2.76%"
"06/10/2022","105,620","107,850","108,030","104,685","17.35M","-1.67%"
"06/09/2022","107,418","109,175","109,445","107,160","17.49M","-0.99%"
"06/08/2022","108,487","110,125","110,375","108,215","15.91M","-1.58%"
"06/07/2022","110,225","110,190","110,710","109,620","14.86M","-0.27%"
"06/06/2022","110,521","112,565","112,735","110,255","13.95M","-0.87%"
"06/03/2022","111,486","112,230","112,395","111,235","14.45M","-1.08%"
"06/02/2022","112,700","112,200","113,210","111,525","14.09M","0.90%"
"06/01/2022","111,696","112,175","112,440","111,170","15.30M","0.13%"
"05/31/2022","111,553","111,290","112,465","111,140","16.71M","0.01%"
"05/30/2022","111,546","113,215","113,680","111,005","10.26M","-0.84%"
"05/27/2022","112,489","112,300","113,080","111,960","12.36M","-0.04%"
"05/26/2022","112,536","111,500","112,790","110,945","12.05M","1.13%"
"05/25/2022","111,280","110,815","111,745","110,275","13.94M","0.03%"
"05/24/2022","111,252","110,200","111,530","109,125","17.89M","-0.10%"
"05/23/2022","111,365","110,050","111,515","109,840","14.50M","1.87%"
"05/20/2022","109,323","108,650","109,685","108,140","16.37M","1.50%"
"05/19/2022","107,708","106,580","108,270","106,500","17.21M","0.67%"
"05/18/2022","106,987","109,260","109,855","106,775","16.07M","-2.59%"
"05/17/2022","109,836","110,310","110,790","109,225","15.69M","0.52%"
"05/16/2022","109,270","107,575","109,800","107,575","15.73M","1.14%"
"05/13/2022","108,041","108,065","108,810","107,100","14.21M","1.07%"
"05/12/2022","106,893","104,460","107,025","104,235","18.46M","1.38%"
"05/11/2022","105,438","105,275","106,420","104,075","19.47M","1.23%"
"05/10/2022","104,152","105,185","105,290","103,400","18.50M","-0.32%"
"05/09/2022","104,489","104,790","105,650","103,925","18.12M","-1.67%"
"05/06/2022","106,266","106,150","107,530","105,065","18.88M","-0.32%"
"05/05/2022","106,602","109,060","109,255","105,065","19.81M","-2.76%"
"05/04/2022","109,632","107,980","110,025","106,115","18.38M","1.76%"
"05/03/2022","107,736","107,950","108,520","107,315","16.64M","-0.14%"
"05/02/2022","107,884","108,720","109,500","106,485","17.74M","-0.86%"
"04/29/2022","108,821","110,840","113,400","108,425","17.74M","-2.18%"
"04/28/2022","111,250","112,105","112,270","110,325","15.10M","0.30%"
"04/27/2022","110,917","110,505","111,705","110,390","17.08M","1.13%"
"04/26/2022","109,675","112,085","112,100","109,210","14.77M","-2.47%"
"04/25/2022","112,449","111,335","112,860","110,825","16.89M","-0.17%"
"04/22/2022","112,641","114,500","114,640","112,240","14.06M","-2.98%"
"04/20/2022","116,099","117,395","117,410","115,715","13.20M","-0.76%"
"04/19/2022","116,989","117,415","117,460","116,110","13.52M","-0.60%"
"04/18/2022","117,698","117,735","118,235","117,095","13.12M","-0.21%"
"04/14/2022","117,951","118,750","118,865","117,570","13.04M","0.91%"
"04/13/2022","116,886","116,850","117,300","116,280","1.88M","0.54%"
"04/12/2022","116,256","117,420","118,590","116,065","13.71M","-0.57%"
"04/11/2022","116,927","117,725","117,830","116,750","13.71M","-1.23%"
"04/08/2022","118,380","119,290","119,290","117,515","14.06M","-0.51%"
"04/07/2022","118,991","118,560","119,435","117,535","16.19M","0.48%"
"04/06/2022","118,420","118,480","118,860","116,915","17.49M","-0.51%"
"04/05/2022","119,028","121,445","121,945","118,800","15.97M","-2.09%"
"04/04/2022","121,572","122,240","122,300","121,035","11.88M","-0.31%"
"04/01/2022","121,946","120,800","122,225","120,785","12.75M","1.30%"
"03/31/2022","120,379","120,805","121,330","120,210","13.34M","-0.34%"
"03/30/2022","120,784","120,110","121,110","120,095","14.47M","0.18%"
"03/29/2022","120,568","120,200","121,385","119,975","15.23M","0.88%"
"03/28/2022","119,516","120,000","120,235","118,565","13.10M","-0.22%"
"03/25/2022","119,776","119,975","120,345","119,065","13.73M","0.02%"
"03/24/2022","119,755","118,390","120,000","117,760","13.11M","1.43%"
"03/23/2022","118,062","117,750","118,935","117,605","14.24M","0.01%"
"03/22/2022","118,053","117,205","118,290","116,925","13.79M","0.91%"
"03/21/2022","116,983","115,700","117,145","115,630","15.85M","0.89%"
"03/18/2022","115,950","113,110","116,095","113,060","13.77M","1.87%"
"03/17/2022","113,821","112,010","113,990","111,595","16.11M","1.64%"
"03/16/2022","111,984","111,255","112,330","109,850","17.93M","2.15%"
"03/15/2022","109,627","110,880","110,945","108,570","18.50M","-1.08%"
"03/14/2022","110,828","112,750","113,295","110,505","17.84M","-1.56%"
"03/11/2022","112,588","115,600","115,740","112,145","17.52M","-1.67%"
"03/10/2022","114,495","114,150","114,650","112,775","17.73M","-0.34%"
"03/09/2022","114,889","113,390","115,130","112,660","17.29M","2.38%"
"03/08/2022","112,219","112,720","113,645","111,995","23.23M","0.11%"
"03/07/2022","112,100","115,140","115,630","111,815","17.09M","-3.10%"
"03/04/2022","115,691","115,795","116,190","114,545","16.05M","-0.70%"
"03/03/2022","116,509","116,550","117,155","116,190","15.58M","0.13%"
"03/02/2022","116,352","115,250","116,670","115,125","8.40M","1.80%"
"02/25/2022","114,300","112,595","114,495","111,755","16.49M","1.40%"
"02/24/2022","112,718","110,500","112,870","110,050","21.70M","-0.29%"
"02/23/2022","113,049","114,700","115,110","112,925","17.47M","-1.24%"
"02/22/2022","114,465","113,650","114,795","113,585","18.50M","1.18%"
"02/21/2022","113,131","114,320","114,840","112,950","12.27M","-1.02%"
"02/18/2022","114,299","115,355","115,815","114,060","16.69M","-0.62%"
"02/17/2022","115,015","116,300","116,630","114,800","14.76M","-0.30%"
"02/16/2022","115,364","114,855","115,705","114,805","1.59M","0.42%"
"02/15/2022","114,878","114,500","115,135","113,980","13.51M","0.85%"
"02/14/2022","113,915","113,000","114,310","112,880","18.49M","0.29%"
"02/11/2022","113,582","113,120","114,990","113,100","20.21M","0.12%"
"02/10/2022","113,447","112,500","113,985","112,245","19.51M","0.78%"
"02/09/2022","112,571","113,000","113,360","111,875","17.44M","0.14%"
"02/08/2022","112,410","111,900","112,750","111,050","15.91M","0.16%"
"02/07/2022","112,225","112,350","112,640","111,655","18.12M","-0.16%"
"02/04/2022","112,401","112,000","112,690","110,535","17.60M","0.32%"
"02/03/2022","112,043","111,590","112,745","111,525","20.19M","-0.09%"
"02/02/2022","112,144","114,000","114,135","111,765","16.55M","-1.34%"
"02/01/2022","113,669","112,540","113,795","112,400","17.03M","0.88%"
"01/31/2022","112,681","112,470","113,040","111,575","18.31M","0.34%"
"01/28/2022","112,298","112,640","113,480","111,890","22.36M","-0.63%"
"01/27/2022","113,005","112,110","113,580","112,100","24.71M","0.98%"
"01/26/2022","111,903","111,570","113,270","111,425","25.28M","0.92%"
"01/25/2022","110,884","108,475","111,340","107,625","24.67M","2.11%"
"01/24/2022","108,596","108,955","109,350","107,135","27.19M","-0.77%"
"01/21/2022","109,442","109,500","110,430","108,890","23.58M","-0.26%"
"01/20/2022","109,729","109,400","110,515","108,800","18.51M","0.92%"
"01/19/2022","108,728","107,530","109,315","107,510","19.93M","1.22%"
"01/18/2022","107,418","106,300","107,745","106,155","22.54M","0.27%"
"01/17/2022","107,130","107,660","107,855","106,715","14.11M","-0.54%"
"01/14/2022","107,708","106,135","107,985","105,700","20.49M","1.40%"
"01/13/2022","106,218","106,300","107,015","105,650","21.19M","-0.20%"
"01/12/2022","106,435","104,800","106,740","104,375","19.39M","1.77%"
"01/11/2022","104,581","103,400","104,875","102,565","19.15M","1.76%"
"01/10/2022","102,775","102,900","103,405","101,750","20.82M","-0.54%"
"01/07/2022","103,333","102,385","103,720","101,855","18.73M","0.96%"
"01/06/2022","102,349","101,975","103,180","101,645","19.82M","0.50%"
"01/05/2022","101,839","104,570","104,695","101,580","20.68M","-2.45%"
"01/04/2022","104,400","105,440","105,785","104,040","17.71M","-0.47%"
"01/03/2022","104,889","106,395","107,245","104,360","16.56M","-0.88%"
"12/30/2021","105,815","105,200","106,490","105,180","12.85M","0.59%"
"12/29/2021","105,195","106,100","106,445","104,905","13.63M","-0.72%"
"12/28/2021","105,960","107,100","107,165","105,625","13.53M","-0.64%"
"12/27/2021","106,645","106,100","106,960","105,935","13.22M","0.56%"
"12/23/2021","106,047","107,080","107,245","105,600","13.57M","-0.46%"
"12/22/2021","106,541","106,550","107,070","105,645","15.39M","-0.21%"
"12/21/2021","106,768","107,405","107,580","106,335","16.59M","0.36%"
"12/20/2021","106,381","107,200","107,420","105,685","18.50M","-2.01%"
"12/17/2021","108,561","109,470","109,500","107,910","18.82M","-1.16%"
"12/16/2021","109,835","109,830","110,535","109,140","18.67M","2.66%"
"12/15/2021","106,991","106,650","107,355","105,635","3.38M","0.27%"
"12/14/2021","106,698","107,340","109,255","106,440","21.60M","-0.75%"
"12/13/2021","107,502","108,550","109,625","107,320","17.98M","-0.35%"
"12/10/2021","107,884","106,850","108,455","106,850","16.58M","1.51%"
"12/09/2021","106,283","107,450","107,680","105,955","18.44M","-1.90%"
"12/08/2021","108,345","108,470","108,780","107,480","18.67M","0.47%"
"12/07/2021","107,843","108,535","108,985","107,305","20.46M","0.59%"
"12/06/2021","107,215","106,160","107,860","105,790","22.37M","1.66%"
"12/03/2021","105,460","104,385","107,130","103,955","24.32M","0.89%"
"12/02/2021","104,531","101,580","104,755","101,505","23.00M","3.49%"
"12/01/2021","101,002","103,215","104,435","100,800","24.84M","-1.24%"
"11/30/2021","102,268","102,350","103,390","100,390","25.35M","-0.86%"
"11/29/2021","103,158","103,615","104,515","102,880","22.14M","0.59%"
"11/26/2021","102,556","103,100","104,000","101,770","18.82M","-3.49%"
"11/25/2021","106,264","104,750","106,875","104,575","16.53M","1.30%"
"11/24/2021","104,899","104,000","105,540","102,805","20.86M","0.80%"
"11/23/2021","104,066","102,700","104,560","102,140","23.75M","1.40%"
"11/22/2021","102,627","104,310","105,125","102,400","19.75M","-0.90%"
"11/19/2021","103,558","103,025","104,495","102,650","18.37M","0.56%"
"11/18/2021","102,978","103,800","104,315","102,515","20.92M","-0.53%"
"11/17/2021","103,522","104,800","106,165","102,915","21.80M","-1.34%"
"11/16/2021","104,930","107,210","107,630","104,610","20.06M","-1.79%"
"11/12/2021","106,841","108,500","108,675","106,300","19.37M","-1.29%"
"11/11/2021","108,236","107,550","109,325","107,460","18.60M","1.55%"
"11/10/2021","106,583","105,740","108,070","105,260","21.20M","0.39%"
"11/09/2021","106,166","105,840","107,410","105,455","20.81M","0.70%"
"11/08/2021","105,429","104,850","106,475","104,340","19.90M","-0.07%"
"11/05/2021","105,498","104,600","106,385","104,000","18.50M","1.25%"
"11/04/2021","104,195","107,500","107,525","103,520","21.90M","-2.27%"
"11/03/2021","106,612","105,365","107,635","104,830","23.45M","0.22%"
"11/01/2021","106,383","105,330","106,930","105,070","19.96M","1.94%"
"10/29/2021","104,357","105,855","107,100","104,110","22.27M","-1.75%"
"10/28/2021","106,219","107,475","108,190","104,825","22.50M","-1.05%"
"10/27/2021","107,346","107,400","109,175","106,885","20.26M","0.14%"
"10/26/2021","107,197","109,295","109,305","107,035","22.91M","-2.22%"
"10/25/2021","109,627","107,905","110,340","107,255","21.38M","2.34%"
"10/22/2021","107,117","107,850","108,865","103,660","26.44M","-1.42%"
"10/21/2021","108,661","108,580","110,460","106,595","25.47M","-2.52%"
"10/20/2021","111,466","112,390","113,135","109,835","23.67M","-0.26%"
"10/19/2021","111,762","114,890","114,900","110,880","23.26M","-3.19%"
"10/18/2021","115,445","115,060","116,060","113,750","18.77M","-0.17%"
"10/15/2021","115,637","114,870","115,940","114,110","16.37M","1.13%"
"10/14/2021","114,340","115,295","115,530","113,750","17.47M","0.50%"
"10/13/2021","113,774","112,150","114,785","112,030","2.38M","1.54%"
"10/11/2021","112,052","113,200","113,960","112,000","18.95M","-0.81%"
"10/08/2021","112,962","111,345","114,485","111,245","20.35M","2.13%"
"10/07/2021","110,607","111,765","111,765","110,475","20.97M","0.08%"
"10/06/2021","110,514","109,290","110,790","108,120","24.49M","0.09%"
"10/05/2021","110,419","111,070","111,815","110,060","21.89M","0.05%"
"10/04/2021","110,360","112,300","112,420","109,900","21.20M","-2.19%"
"10/01/2021","112,832","111,050","113,150","110,930","19.51M","1.86%"
"09/30/2021","110,773","111,650","112,515","110,460","22.56M","-0.42%"
"09/29/2021","111,240","110,700","112,195","110,490","21.56M","0.89%"
"09/28/2021","110,256","112,555","113,360","109,980","22.43M","-3.00%"
"09/27/2021","113,665","114,080","115,115","112,355","20.37M","0.13%"
"09/24/2021","113,520","113,265","113,820","112,655","17.46M","-0.61%"
"09/23/2021","114,221","112,895","114,640","112,670","17.79M","1.59%"
"09/22/2021","112,435","111,500","113,605","111,500","19.81M","1.83%"
"09/21/2021","110,419","110,600","111,190","109,175","22.98M","1.22%"
"09/20/2021","109,090","109,205","110,165","107,800","22.26M","-2.33%"
"09/17/2021","111,697","113,780","114,145","111,205","18.79M","-2.17%"
"09/16/2021","114,173","114,845","115,130","113,705","18.01M","-1.17%"
"09/15/2021","115,528","116,650","116,980","115,105","17.53M","-0.84%"
"09/14/2021","116,505","116,300","117,735","115,980","19.76M","-0.31%"
"09/13/2021","116,871","115,600","117,585","115,515","20.53M","1.93%"
"09/10/2021","114,660","117,250","118,195","114,400","20.73M","-1.06%"
"09/09/2021","115,891","114,570","117,245","112,815","25.61M","1.88%"
"09/08/2021","113,749","117,150","117,980","113,570","23.86M","-3.88%"
"09/06/2021","118,336","117,200","118,585","116,530","14.01M","0.97%"
"09/03/2021","117,198","117,665","118,350","116,085","19.87M","0.07%"
"09/02/2021","117,112","119,595","119,735","116,920","22.36M","-2.28%"
"09/01/2021","119,840","119,400","120,615","118,625","20.34M","0.70%"
"08/31/2021","119,011","120,190","120,795","118,415","21.57M","-1.06%"
"08/30/2021","120,280","121,120","121,200","119,900","17.30M","-0.88%"
"08/27/2021","121,345","119,985","121,400","119,660","16.20M","1.76%"
"08/26/2021","119,243","121,050","121,560","119,030","20.81M","-1.82%"
"08/25/2021","121,453","121,145","121,590","119,845","18.97M","0.53%"
"08/24/2021","120,815","118,910","121,275","118,880","18.75M","2.29%"
"08/23/2021","118,116","119,300","119,595","117,745","20.19M","-0.54%"
"08/20/2021","118,758","117,280","119,160","116,425","19.63M","0.68%"
"08/19/2021","117,958","115,200","118,415","114,825","24.93M","0.01%"
"08/18/2021","117,945","117,740","118,685","116,460","2.68M","0.23%"
"08/17/2021","117,676","119,315","119,340","116,220","26.21M","-1.26%"
"08/16/2021","119,182","120,550","120,760","118,700","20.54M","-1.66%"
"08/13/2021","121,199","120,890","121,335","119,940","19.33M","0.51%"
"08/12/2021","120,580","122,390","122,455","120,370","19.09M","-1.25%"
"08/11/2021","122,107","122,725","122,900","120,855","20.08M","-0.21%"
"08/10/2021","122,359","123,285","123,660","122,150","19.30M","-0.53%"
"08/09/2021","123,016","122,500","123,790","122,160","18.34M","0.10%"
"08/06/2021","122,898","121,520","123,470","121,100","17.01M","0.95%"
"08/05/2021","121,738","123,250","123,800","120,835","20.28M","-0.16%"
"08/04/2021","121,928","123,230","123,820","121,135","21.54M","-1.40%"
"08/03/2021","123,656","123,220","124,020","120,955","22.02M","0.89%"
"08/02/2021","122,571","123,695","124,805","121,985","21.17M","0.53%"
"07/30/2021","121,923","124,840","125,245","121,800","20.66M","-3.12%"
"07/29/2021","125,849","126,415","127,145","125,140","19.29M","-0.59%"
"07/28/2021","126,596","125,260","127,060","125,240","19.31M","1.39%"
"07/27/2021","124,861","125,865","125,955","123,945","18.25M","-1.10%"
"07/26/2021","126,253","125,110","126,580","125,015","15.31M","0.73%"
"07/23/2021","125,337","126,900","126,945","124,685","16.03M","-1.02%"
"07/22/2021","126,635","126,450","126,820","125,690","17.26M","0.24%"
"07/21/2021","126,331","125,750","126,510","125,530","18.45M","0.46%"
"07/20/2021","125,749","125,680","126,060","123,905","21.96M","0.80%"
"07/19/2021","124,754","124,750","125,190","123,660","22.22M","-1.30%"
"07/16/2021","126,396","128,145","128,530","126,180","18.38M","-1.24%"
"07/15/2021","127,988","128,570","129,485","127,305","21.13M","-0.75%"
"07/14/2021","128,950","128,930","130,140","128,530","21.68M","0.25%"
"07/13/2021","128,634","128,175","128,990","126,820","20.67M","0.41%"
"07/12/2021","128,112","126,550","128,500","126,160","17.30M","1.92%"
"07/09/2021","125,700","125,700","125,700","125,700","","-0.07%"
"07/08/2021","125,782","125,680","126,440","124,725","20.68M","-1.40%"
"07/07/2021","127,565","125,980","127,745","125,670","19.49M","1.63%"
"07/06/2021","125,525","127,525","127,625","125,300","19.93M","-1.51%"
"07/05/2021","127,449","128,000","128,235","127,015","14.13M","-0.62%"
"07/02/2021","128,247","126,300","128,430","126,080","17.27M","1.56%"
"07/01/2021","126,283","127,435","127,735","125,485","21.62M","-0.76%"
"06/30/2021","127,254","127,400","127,835","126,750","19.71M","-0.50%"
"06/29/2021","127,894","127,900","128,100","126,765","18.78M","-0.16%"
"06/28/2021","128,096","128,045","128,765","126,945","18.77M","0.18%"
"06/25/2021","127,861","130,285","130,450","127,235","19.16M","-1.80%"
"06/24/2021","130,211","129,685","130,325","129,500","16.51M","0.83%"
"06/23/2021","129,144","129,760","130,645","128,835","17.18M","-0.27%"
"06/22/2021","129,497","129,915","129,930","128,480","18.76M","-0.34%"
"06/21/2021","129,937","128,995","130,230","128,755","16.04M","0.78%"
"06/18/2021","128,927","129,350","129,580","128,250","20.19M","0.11%"
"06/17/2021","128,790","129,850","130,745","128,325","20.86M","-0.56%"
"06/16/2021","129,516","129,890","130,240","129,010","2.15M","-0.43%"
"06/15/2021","130,076","130,380","130,385","129,235","19.98M","-0.11%"
"06/14/2021","130,220","129,760","131,150","129,650","16.99M","0.66%"
"06/11/2021","129,370","130,385","130,425","128,640","14.87M","-0.60%"
"06/10/2021","130,148","129,800","130,660","129,500","20.86M","0.13%"
"06/09/2021","129,973","130,040","130,960","129,365","20.71M","0.12%"
"06/08/2021","129,811","130,605","130,895","129,320","19.71M","-0.77%"
"06/07/2021","130,814","130,175","131,360","129,560","18.05M","0.51%"
"06/04/2021","130,152","129,105","130,280","129,105","15.92M","0.47%"
"06/02/2021","129,541","128,260","129,675","128,050","15.90M","0.86%"
"06/01/2021","128,434","126,600","128,560","126,345","15.21M","1.73%"
"05/31/2021","126,255","125,515","126,340","125,390","11.35M","0.46%"
"05/28/2021","125,674","124,840","125,880","124,350","13.55M","0.96%"
"05/27/2021","124,476","123,890","124,740","123,625","15.74M","0.23%"
"05/26/2021","124,196","123,520","124,510","123,505","13.90M","0.81%"
"05/25/2021","123,202","124,065","124,930","122,890","15.98M","-0.84%"
"05/24/2021","124,243","122,950","124,425","122,700","13.71M","1.18%"
"05/21/2021","122,798","123,195","123,245","121,910","12.05M","-0.04%"
"05/20/2021","122,845","122,990","123,220","122,300","14.85M","-0.06%"
"05/19/2021","122,919","121,955","123,495","121,690","17.92M","-0.13%"
"05/18/2021","123,082","123,550","123,840","122,710","17.59M","-0.11%"
"05/17/2021","123,212","121,435","123,370","121,335","13.63M","0.90%"
"05/14/2021","122,119","121,515","122,475","121,185","16.60M","1.02%"
"05/13/2021","120,883","120,110","121,725","119,830","17.85M","0.86%"
"05/12/2021","119,858","122,755","122,895","119,650","18.46M","-2.66%"
"05/11/2021","123,132","121,290","123,250","120,465","17.81M","0.79%"
"05/10/2021","122,170","122,295","123,045","122,045","14.77M","-0.17%"
"05/07/2021","122,378","120,630","122,705","120,380","13.60M","1.83%"
"05/06/2021","120,176","120,025","120,420","119,320","16.74M","0.16%"
"05/05/2021","119,979","118,700","120,205","118,470","15.22M","1.71%"
"05/04/2021","117,966","119,260","119,700","117,915","17.53M","-1.29%"
"05/03/2021","119,508","119,800","120,335","118,815","16.15M","0.16%"
"04/30/2021","119,317","120,035","120,540","118,905","18.20M","-0.82%"
"04/29/2021","120,307","121,705","122,050","120,080","16.65M","-0.91%"
"04/28/2021","121,416","119,610","121,990","119,525","14.36M","1.36%"
"04/27/2021","119,788","121,300","121,540","119,160","16.37M","-1.07%"
"04/26/2021","121,078","121,460","121,750","120,145","14.32M","0.13%"
"04/23/2021","120,924","120,700","121,310","120,300","14.20M","0.92%"
"04/22/2021","119,824","120,775","121,460","119,615","18.18M","-0.51%"
"04/20/2021","120,442","120,900","121,765","120,255","16.34M","-0.75%"
"04/19/2021","121,357","121,500","122,475","121,050","16.31M","-0.15%"
"04/16/2021","121,537","121,200","121,860","120,620","15.93M","0.39%"
"04/15/2021","121,068","121,000","121,880","120,540","17.00M","0.49%"
"04/14/2021","120,474","119,025","120,945","119,025","1.60M","1.06%"
"04/13/2021","119,209","118,155","119,565","117,880","15.45M","0.31%"
"04/12/2021","118,842","117,475","118,950","117,430","14.35M","1.01%"
"04/09/2021","117,654","118,040","118,695","117,205","15.61M","-0.56%"
"04/08/2021","118,322","118,245","119,020","117,410","15.86M","0.64%"
"04/07/2021","117,565","117,620","118,500","116,680","17.60M","0.01%"
"04/06/2021","117,550","117,290","118,260","117,100","17.81M","-0.06%"
"04/05/2021","117,624","115,590","117,830","115,580","17.12M","2.20%"
"04/01/2021","115,091","117,135","117,515","114,680","17.04M","-1.25%"
"03/31/2021","116,549","116,875","117,350","115,915","16.54M","-0.35%"
"03/30/2021","116,958","115,400","117,190","114,665","17.61M","1.39%"
"03/29/2021","115,351","114,300","115,795","113,770","18.49M","0.46%"
"03/26/2021","114,825","113,735","115,530","113,155","16.66M","0.94%"
"03/25/2021","113,759","111,820","114,125","110,840","18.51M","1.65%"
"03/24/2021","111,914","113,585","114,950","111,635","17.35M","-1.28%"
"03/23/2021","113,366","114,430","115,730","113,025","18.15M","-1.42%"
"03/22/2021","115,002","116,150","116,175","113,630","15.96M","-0.97%"
"03/19/2021","116,123","115,210","116,600","114,715","15.22M","1.05%"
"03/18/2021","114,919","116,345","117,510","114,385","18.19M","-1.45%"
"03/17/2021","116,604","113,645","116,940","113,135","15.56M","2.26%"
"03/16/2021","114,032","115,205","115,260","113,390","14.19M","-0.89%"
"03/15/2021","115,055","114,485","115,245","113,520","14.53M","0.74%"
"03/12/2021","114,205","113,970","114,540","113,300","14.57M","-0.71%"
"03/11/2021","115,026","114,065","115,265","113,330","16.80M","1.94%"
"03/10/2021","112,837","111,550","113,250","109,945","20.90M","1.41%"
"03/09/2021","111,268","110,500","112,915","109,405","21.79M","0.55%"
"03/08/2021","110,663","114,150","114,695","108,975","25.70M","-4.00%"
"03/05/2021","115,277","113,665","115,635","112,415","19.94M","2.33%"
"03/04/2021","112,651","111,600","114,700","111,000","23.95M","1.19%"
"03/03/2021","111,329","112,650","112,775","107,550","25.81M","-0.23%"
"03/02/2021","111,586","110,000","112,630","107,330","24.32M","1.20%"
"03/01/2021","110,262","111,350","112,670","110,060","21.41M","0.11%"
"02/26/2021","110,136","112,245","113,660","109,765","22.69M","-1.90%"
"02/25/2021","112,264","116,000","116,720","111,815","22.30M","-3.06%"
"02/24/2021","115,805","115,515","116,360","114,745","17.69M","0.40%"
"02/23/2021","115,339","113,000","115,750","112,950","20.48M","2.33%"
"02/22/2021","112,709","112,970","114,600","111,740","18.03M","-4.98%"
"02/19/2021","118,613","118,450","119,420","117,970","16.71M","-0.56%"
"02/18/2021","119,285","120,600","121,050","118,625","18.14M","-0.92%"
"02/17/2021","120,395","119,640","120,535","118,715","1.02M","0.85%"
"02/12/2021","119,380","119,010","119,770","118,025","16.08M","0.13%"
"02/11/2021","119,223","118,645","120,325","118,400","18.50M","0.75%"
"02/10/2021","118,340","119,750","119,915","117,830","19.25M","-0.86%"
"02/09/2021","119,369","119,600","119,980","118,175","18.97M","-0.31%"
"02/08/2021","119,743","120,520","120,885","119,040","18.67M","-0.38%"
"02/05/2021","120,200","119,675","121,195","119,365","16.72M","0.82%"
"02/04/2021","119,218","120,110","120,685","118,825","17.48M","-0.44%"
"02/03/2021","119,748","118,935","120,380","118,550","18.64M","1.22%"
"02/02/2021","118,307","118,485","119,915","117,710","20.37M","0.79%"
"02/01/2021","117,385","116,350","117,990","115,660","18.98M","2.02%"
"01/29/2021","115,056","118,600","118,680","114,880","21.00M","-3.31%"
"01/28/2021","118,994","115,675","119,450","115,465","19.01M","2.73%"
"01/27/2021","115,831","115,745","117,870","114,820","20.77M","-0.36%"
"01/26/2021","116,250","116,790","119,195","116,050","18.23M","-1.02%"
"01/22/2021","117,450","116,850","117,945","116,065","15.76M","-0.82%"
"01/21/2021","118,416","120,200","120,320","117,745","16.16M","-1.08%"
"01/20/2021","119,707","120,580","121,520","118,670","15.87M","-0.76%"
"01/19/2021","120,626","122,195","122,440","119,255","18.64M","-0.53%"
"01/18/2021","121,263","120,730","122,780","119,960","13.46M","0.76%"
"01/15/2021","120,353","122,705","122,745","120,170","15.87M","-2.54%"
"01/14/2021","123,488","122,805","124,045","122,335","15.30M","1.25%"
"01/13/2021","121,959","123,945","124,395","121,020","17.20M","-1.91%"
"01/12/2021","124,336","123,800","124,720","123,230","15.48M","0.99%"
"01/11/2021","123,120","124,500","124,915","122,460","17.32M","-1.60%"
"01/08/2021","125,127","123,150","125,470","122,365","17.07M","1.99%"
"01/07/2021","122,684","119,560","122,870","119,230","14.00M","2.94%"
"01/06/2021","119,180","119,220","121,075","118,895","16.81M","-0.18%"
"01/05/2021","119,393","118,990","119,965","116,765","15.26M","0.45%"
"01/04/2021","118,859","120,270","120,585","118,135","13.74M","-0.31%"
"12/30/2020","119,230","119,870","120,380","119,050","10.16M","-0.33%"
"12/29/2020","119,625","119,800","120,045","118,870","11.27M","0.28%"
"12/28/2020","119,292","118,500","119,420","118,330","9.46M","1.21%"
"12/23/2020","117,870","117,305","118,560","117,055","11.01M","0.93%"
"12/22/2020","116,786","116,300","117,135","115,750","13.59M","0.71%"
"12/21/2020","115,961","115,815","117,290","115,085","16.06M","-1.92%"
"12/18/2020","118,231","118,115","119,645","117,730","14.10M","-0.30%"
"12/17/2020","118,586","118,075","119,290","117,890","12.76M","0.86%"
"12/16/2020","117,577","116,465","117,640","115,320","1.40M","1.24%"
"12/15/2020","116,135","114,900","116,390","114,830","11.96M","1.37%"
"12/14/2020","114,569","115,665","115,950","114,320","14.43M","-0.47%"
"12/11/2020","115,115","114,350","115,550","113,915","13.52M","0.03%"
"12/10/2020","115,078","113,200","115,280","112,625","13.81M","1.85%"
"12/09/2020","112,983","114,040","114,190","112,455","15.76M","-0.68%"
"12/08/2020","113,754","113,120","114,385","112,750","14.26M","0.19%"
"12/07/2020","113,543","113,090","114,575","112,505","13.83M","-0.17%"
"12/04/2020","113,737","112,975","113,940","112,875","12.36M","1.40%"
"12/03/2020","112,164","111,805","113,440","111,750","14.55M","0.26%"
"12/02/2020","111,872","111,350","112,355","110,625","14.90M","0.33%"
"12/01/2020","111,499","110,690","111,965","110,325","13.42M","2.11%"
"11/30/2020","109,193","110,075","111,065","108,830","12.81M","-1.22%"
"11/27/2020","110,547","110,485","111,680","110,325","9.96M","0.21%"
"11/26/2020","110,316","109,915","110,385","109,405","7.94M","0.10%"
"11/25/2020","110,204","109,550","110,715","109,300","13.81M","0.23%"
"11/24/2020","109,955","108,115","110,055","107,575","12.63M","2.37%"
"11/23/2020","107,409","106,935","107,610","106,630","13.53M","1.32%"
"11/20/2020","106,013","106,845","107,115","105,705","12.58M","-0.80%"
"11/19/2020","106,869","105,850","107,140","105,580","14.43M","0.63%"
"11/18/2020","106,198","107,885","107,920","106,065","15.68M","-1.16%"
"11/17/2020","107,441","106,250","107,935","105,915","14.29M","0.82%"
"11/16/2020","106,566","106,250","106,780","105,275","14.49M","1.79%"
"11/13/2020","104,694","103,355","104,880","103,075","13.88M","2.11%"
"11/12/2020","102,534","104,855","105,250","102,145","14.90M","-2.16%"
"11/11/2020","104,797","105,410","105,565","104,245","15.81M","-0.27%"
"11/10/2020","105,079","103,500","105,940","103,390","17.22M","1.51%"
"11/09/2020","103,517","104,115","105,355","103,285","16.49M","2.38%"
"11/06/2020","101,110","100,395","101,275","99,990","14.07M","0.28%"
"11/05/2020","100,828","99,285","101,120","99,150","15.98M","2.95%"
"11/04/2020","97,935","96,155","98,470","96,155","16.28M","1.93%"
"11/03/2020","96,083","96,090","96,535","95,135","16.02M","2.17%"
"10/30/2020","94,042","95,505","96,340","93,630","17.83M","-2.66%"
"10/29/2020","96,608","95,235","96,895","93,555","17.78M","1.30%"
"10/28/2020","95,369","98,300","98,375","95,135","16.46M","-4.29%"
"10/27/2020","99,647","101,890","101,940","98,770","12.47M","-1.56%"
"10/26/2020","101,231","100,845","101,970","99,940","13.57M","-0.14%"
"10/23/2020","101,368","102,420","102,480","101,275","12.07M","-0.66%"
"10/22/2020","102,044","100,660","102,445","100,565","13.17M","1.37%"
"10/21/2020","100,662","100,500","101,875","100,280","13.98M","0.00%"
"10/20/2020","100,662","99,200","100,970","99,120","12.89M","1.86%"
"10/19/2020","98,825","99,150","100,170","98,570","12.87M","0.37%"
"10/16/2020","98,457","99,340","99,435","98,280","12.87M","-0.76%"
"10/15/2020","99,209","98,175","99,730","97,910","12.42M","-0.14%"
"10/14/2020","99,348","98,050","99,590","97,860","1.43M","0.81%"
"10/13/2020","98,552","98,180","99,050","97,210","14.62M","1.27%"
"10/09/2020","97,315","97,905","98,700","97,095","12.40M","-0.52%"
"10/08/2020","97,820","96,175","98,070","95,535","12.56M","2.48%"
"10/07/2020","95,456","96,240","96,435","94,760","14.55M","-0.10%"
"10/06/2020","95,548","96,725","97,480","95,125","15.65M","-0.60%"
"10/05/2020","96,120","94,155","96,465","93,660","13.16M","2.52%"
"10/02/2020","93,753","94,500","96,040","93,120","13.46M","-1.75%"
"10/01/2020","95,423","95,370","95,590","93,535","14.10M","0.88%"
"09/30/2020","94,587","93,400","95,390","93,140","14.27M","1.18%"
"09/29/2020","93,482","94,615","95,520","93,220","15.22M","-1.23%"
"09/28/2020","94,650","98,300","98,450","94,310","14.50M","-2.51%"
"09/25/2020","97,087","96,505","97,175","95,550","12.00M","0.08%"
"09/24/2020","97,012","95,400","98,080","95,300","13.34M","1.44%"
"09/23/2020","95,634","97,500","97,520","95,505","13.51M","-1.71%"
"09/22/2020","97,302","96,940","97,775","96,405","12.86M","0.21%"
"09/21/2020","97,102","96,720","97,370","95,820","12.98M","-1.13%"
"09/18/2020","98,215","100,100","100,155","97,960","13.07M","-1.97%"
"09/17/2020","100,192","98,850","100,390","98,565","12.09M","0.45%"
"09/16/2020","99,748","100,825","100,880","99,660","13.27M","-0.50%"
"09/15/2020","100,252","100,940","101,150","99,700","12.77M","-0.09%"
"09/14/2020","100,347","99,250","100,660","99,005","12.23M","2.08%"
"09/11/2020","98,302","99,250","99,560","97,790","14.33M","-0.46%"
"09/10/2020","98,755","100,990","101,690","98,310","14.24M","-2.68%"
"09/09/2020","101,471","100,780","101,840","100,560","12.22M","1.42%"
"09/08/2020","100,047","99,910","100,890","99,410","13.96M","-1.41%"
"09/04/2020","101,474","100,920","102,005","99,030","14.24M","0.60%"
"09/03/2020","100,866","102,095","103,445","99,830","15.23M","-1.22%"
"09/02/2020","102,108","102,600","103,090","100,940","11.87M","-0.23%"
"09/01/2020","102,341","100,450","102,475","100,290","10.88M","2.54%"
"08/31/2020","99,807","102,435","102,450","99,520","11.45M","-2.42%"
"08/28/2020","102,282","101,535","102,585","100,990","9.78M","1.59%"
"08/27/2020","100,678","100,665","101,825","99,925","12.49M","0.03%"
"08/26/2020","100,651","101,995","102,710","99,450","11.59M","-1.52%"
"08/25/2020","102,206","102,835","103,090","101,730","10.54M","-0.23%"
"08/24/2020","102,443","102,610","102,950","101,770","10.45M","0.79%"
"08/21/2020","101,637","100,895","101,815","100,490","11.46M","-0.02%"
"08/20/2020","101,655","99,030","102,035","98,890","12.47M","0.83%"
"08/19/2020","100,820","101,665","102,725","100,655","12.25M","-1.38%"
"08/18/2020","102,227","101,175","102,520","100,960","11.54M","2.50%"
"08/17/2020","99,733","101,095","101,925","98,665","13.12M","-1.76%"
"08/14/2020","101,516","100,395","101,990","99,775","11.84M","0.98%"
"08/13/2020","100,528","102,600","103,525","100,265","14.34M","-0.84%"
"08/12/2020","101,380","102,660","103,070","100,750","1.47M","-0.71%"
"08/11/2020","102,102","104,325","104,670","101,850","14.05M","-1.28%"
"08/10/2020","103,429","103,200","103,970","101,235","12.97M","0.59%"
"08/07/2020","102,818","103,155","104,285","101,900","12.65M","-1.28%"
"08/06/2020","104,146","102,380","104,660","102,085","13.53M","1.13%"
"08/05/2020","102,979","102,580","103,865","101,925","12.89M","1.51%"
"08/04/2020","101,452","102,450","102,890","99,950","14.37M","-1.64%"
"08/03/2020","103,144","103,995","104,100","102,320","12.67M","-0.02%"
"07/31/2020","103,161","105,420","105,795","102,620","13.12M","-2.00%"
"07/30/2020","105,262","104,820","105,880","103,930","12.08M","-0.21%"
"07/29/2020","105,487","104,440","105,790","104,310","9.81M","1.47%"
"07/28/2020","103,957","103,800","104,805","103,500","12.04M","-0.52%"
"07/27/2020","104,502","103,130","104,695","102,575","11.85M","2.07%"
"07/24/2020","102,386","102,100","102,835","100,910","14.31M","0.08%"
"07/23/2020","102,304","105,185","105,305","102,120","13.84M","-1.96%"
"07/22/2020","104,346","104,030","105,140","103,305","13.67M","-0.04%"
"07/21/2020","104,390","105,125","105,520","103,810","12.65M","-0.10%"
"07/20/2020","104,498","102,880","104,550","102,755","10.09M","1.33%"
"07/17/2020","103,124","101,255","103,300","101,140","10.01M","2.39%"
"07/16/2020","100,712","101,360","101,630","100,230","11.22M","-1.21%"
"07/15/2020","101,946","101,805","102,295","100,810","12.98M","1.46%"
"07/14/2020","100,475","99,195","100,685","98,360","14.31M","1.77%"
"07/13/2020","98,726","100,750","101,040","98,300","11.32M","-1.40%"
"07/10/2020","100,128","98,900","100,250","98,575","10.67M","0.92%"
"07/09/2020","99,212","99,900","100,385","98,925","11.97M","-0.82%"
"07/08/2020","100,031","98,350","100,175","98,210","11.52M","2.23%"
"07/07/2020","97,848","98,530","99,110","97,370","11.97M","-1.31%"
"07/06/2020","99,147","98,605","99,490","98,300","10.35M","2.35%"
"07/03/2020","96,868","96,630","96,990","96,010","6.83M","0.61%"
"07/02/2020","96,285","97,515","98,180","96,120","11.42M","-0.12%"
"07/01/2020","96,397","94,420","97,110","94,390","11.69M","1.11%"